{
  "type": "FeatureCollection",
  "name": "roof_segments",
  "crs": {
    "type": "name",
    "properties": {
      "name": "urn:ogc:def:crs:EPSG::32643"
    }
  },
  "features": [
    {
      "type": "Feature",
      "geometry": {
        "type": "Polygon",
        "coordinates": [
          [
            [
              250855.63713271226,
              2546651.7261559493
            ],
            [
              250855.48713271227,
              2546651.576155949
            ],
            [
              250855.63713271226,
              2546651.576155949
            ],
            [
              250855.33713271224,
              2546651.426155949
            ],
            [
              250855.48713271227,
              2546651.426155949
            ],
            [
              250855.18713271225,
              2546651.276155949
            ],
            [
              250855.33713271224,
              2546651.276155949
            ],
            [
              250855.18713271225,
              2546651.126155949
            ],
            [
              250854.88713271226,
              2546650.9761559493
            ],
            [
              250855.03713271226,
              2546650.9761559493
            ],
            [
              250855.18713271225,
              2546650.9761559493
            ],
            [
              250854.28713271226,
              2546650.826155949
            ],
            [
              250854.43713271225,
              2546650.826155949
            ],
            [
              250854.58713271224,
              2546650.826155949
            ],
            [
              250854.73713271227,
              2546650.826155949
            ],
            [
              250854.88713271226,
              2546650.826155949
            ],
            [
              250854.28713271226,
              2546650.676155949
            ],
            [
              250854.13713271226,
              2546650.526155949
            ],
            [
              250854.28713271226,
              2546650.526155949
            ],
            [
              250854.13713271226,
              2546650.376155949
            ],
            [
              250853.98713271227,
              2546650.2261559493
            ],
            [
              250854.13713271226,
              2546650.2261559493
            ],
            [
              250853.83713271224,
              2546650.076155949
            ],
            [
              250853.98713271227,
              2546650.076155949
            ],
            [
              250853.83713271224,
              2546649.926155949
            ],
            [
              250853.68713271225,
              2546649.776155949
            ],
            [
              250853.83713271224,
              2546649.776155949
            ],
            [
              250853.53713271226,
              2546649.626155949
            ],
            [
              250853.68713271225,
              2546649.626155949
            ],
            [
              250853.53713271226,
              2546649.4761559493
            ],
            [
              250853.53713271226,
              2546649.326155949
            ],
            [
              250853.38713271226,
              2546649.176155949
            ],
            [
              250853.53713271226,
              2546649.176155949
            ],
            [
              250853.23713271227,
              2546649.026155949
            ],
            [
              250853.38713271226,
              2546649.026155949
            ],
            [
              250853.23713271227,
              2546648.876155949
            ],
            [
              250853.38713271226,
              2546648.876155949
            ],
            [
              250853.38713271226,
              2546648.7261559493
            ],
            [
              250853.53713271226,
              2546648.7261559493
            ],
            [
              250853.68713271225,
              2546648.7261559493
            ],
            [
              250853.68713271225,
              2546648.576155949
            ],
            [
              250853.83713271224,
              2546648.576155949
            ],
            [
              250853.83713271224,
              2546648.426155949
            ],
            [
              250853.98713271227,
              2546648.426155949
            ],
            [
              250853.98713271227,
              2546648.276155949
            ],
            [
              250854.13713271226,
              2546648.276155949
            ],
            [
              250854.13713271226,
              2546648.126155949
            ],
            [
              250854.28713271226,
              2546648.126155949
            ],
            [
              250854.43713271225,
              2546648.126155949
            ],
            [
              250854.43713271225,
              2546647.9761559493
            ],
            [
              250854.58713271224,
              2546647.9761559493
            ],
            [
              250854.58713271224,
              2546647.826155949
            ],
            [
              250854.73713271227,
              2546647.826155949
            ],
            [
              250854.88713271226,
              2546647.826155949
            ],
            [
              250854.88713271226,
              2546647.676155949
            ],
            [
              250855.03713271226,
              2546647.676155949
            ],
            [
              250855.33713271224,
              2546647.826155949
            ],
            [
              250855.18713271225,
              2546647.676155949
            ],
            [
              250855.03713271226,
              2546647.526155949
            ],
            [
              250855.48713271227,
              2546647.826155949
            ],
            [
              250855.33713271224,
              2546647.676155949
            ],
            [
              250855.18713271225,
              2546647.526155949
            ],
            [
              250855.63713271226,
              2546647.826155949
            ],
            [
              250855.78713271226,
              2546647.826155949
            ],
            [
              250855.93713271225,
              2546647.826155949
            ],
            [
              250856.08713271224,
              2546647.826155949
            ],
            [
              250856.23713271227,
              2546647.826155949
            ],
            [
              250856.38713271226,
              2546647.826155949
            ],
            [
              250856.53713271226,
              2546647.826155949
            ],
            [
              250856.53713271226,
              2546647.676155949
            ],
            [
              250856.68713271225,
              2546647.676155949
            ],
            [
              250856.68713271225,
              2546647.526155949
            ],
            [
              250856.83713271224,
              2546647.526155949
            ],
            [
              250856.83713271224,
              2546647.376155949
            ],
            [
              250856.98713271227,
              2546647.376155949
            ],
            [
              250857.13713271226,
              2546647.376155949
            ],
            [
              250857.13713271226,
              2546647.2261559493
            ],
            [
              250857.13713271226,
              2546647.076155949
            ],
            [
              250857.28713271226,
              2546647.076155949
            ],
            [
              250857.43713271225,
              2546647.076155949
            ],
            [
              250857.43713271225,
              2546646.926155949
            ],
            [
              250857.58713271224,
              2546646.926155949
            ],
            [
              250857.73713271227,
              2546646.926155949
            ],
            [
              250857.73713271227,
              2546646.776155949
            ],
            [
              250857.88713271226,
              2546646.776155949
            ],
            [
              250857.88713271226,
              2546646.626155949
            ],
            [
              250858.03713271226,
              2546646.626155949
            ],
            [
              250858.18713271225,
              2546646.626155949
            ],
            [
              250858.18713271225,
              2546646.4761559493
            ],
            [
              250858.33713271224,
              2546646.4761559493
            ],
            [
              250858.48713271227,
              2546646.4761559493
            ],
            [
              250858.48713271227,
              2546646.326155949
            ],
            [
              250858.63713271226,
              2546646.326155949
            ],
            [
              250858.78713271226,
              2546646.326155949
            ],
            [
              250858.78713271226,
              2546646.176155949
            ],
            [
              250858.93713271225,
              2546646.176155949
            ],
            [
              250858.93713271225,
              2546646.026155949
            ],
            [
              250859.08713271224,
              2546646.026155949
            ],
            [
              250859.23713271227,
              2546646.026155949
            ],
            [
              250859.23713271227,
              2546645.876155949
            ],
            [
              250859.38713271226,
              2546645.876155949
            ],
            [
              250859.38713271226,
              2546645.7261559493
            ],
            [
              250859.53713271226,
              2546645.7261559493
            ],
            [
              250859.53713271226,
              2546645.576155949
            ],
            [
              250859.68713271225,
              2546645.576155949
            ],
            [
              250859.83713271224,
              2546645.576155949
            ],
            [
              250859.83713271224,
              2546645.426155949
            ],
            [
              250859.98713271227,
              2546645.426155949
            ],
            [
              250859.98713271227,
              2546645.276155949
            ],
            [
              250860.13713271226,
              2546645.276155949
            ],
            [
              250860.13713271226,
              2546645.126155949
            ],
            [
              250860.28713271226,
              2546645.126155949
            ],
            [
              250860.43713271225,
              2546644.9761559493
            ],
            [
              250860.43713271225,
              2546645.126155949
            ],
            [
              250860.58713271224,
              2546644.826155949
            ],
            [
              250860.58713271224,
              2546644.9761559493
            ],
            [
              250860.73713271227,
              2546644.676155949
            ],
            [
              250860.73713271227,
              2546644.826155949
            ],
            [
              250860.88713271226,
              2546644.526155949
            ],
            [
              250860.88713271226,
              2546644.676155949
            ],
            [
              250861.03713271226,
              2546644.526155949
            ],
            [
              250861.18713271225,
              2546644.376155949
            ],
            [
              250861.18713271225,
              2546644.526155949
            ],
            [
              250861.33713271224,
              2546644.376155949
            ],
            [
              250861.48713271227,
              2546644.2261559493
            ],
            [
              250861.48713271227,
              2546644.376155949
            ],
            [
              250861.63713271226,
              2546644.2261559493
            ],
            [
              250861.63713271226,
              2546644.376155949
            ],
            [
              250861.63713271226,
              2546644.526155949
            ],
            [
              250861.63713271226,
              2546644.676155949
            ],
            [
              250861.78713271226,
              2546644.676155949
            ],
            [
              250861.78713271226,
              2546644.826155949
            ],
            [
              250861.93713271225,
              2546644.826155949
            ],
            [
              250861.93713271225,
              2546644.9761559493
            ],
            [
              250861.93713271225,
              2546645.126155949
            ],
            [
              250862.08713271224,
              2546645.126155949
            ],
            [
              250862.08713271224,
              2546645.276155949
            ],
            [
              250862.23713271227,
              2546645.276155949
            ],
            [
              250862.23713271227,
              2546645.426155949
            ],
            [
              250862.23713271227,
              2546645.576155949
            ],
            [
              250862.38713271226,
              2546645.576155949
            ],
            [
              250862.38713271226,
              2546645.7261559493
            ],
            [
              250862.53713271226,
              2546645.7261559493
            ],
            [
              250862.53713271226,
              2546645.876155949
            ],
            [
              250862.68713271225,
              2546645.876155949
            ],
            [
              250862.68713271225,
              2546646.026155949
            ],
            [
              250862.68713271225,
              2546646.176155949
            ],
            [
              250862.83713271224,
              2546646.176155949
            ],
            [
              250862.83713271224,
              2546646.326155949
            ],
            [
              250862.83713271224,
              2546646.4761559493
            ],
            [
              250862.98713271227,
              2546646.4761559493
            ],
            [
              250862.98713271227,
              2546646.626155949
            ],
            [
              250863.13713271226,
              2546646.626155949
            ],
            [
              250863.13713271226,
              2546646.776155949
            ],
            [
              250863.28713271226,
              2546646.776155949
            ],
            [
              250863.28713271226,
              2546646.926155949
            ],
            [
              250863.28713271226,
              2546647.076155949
            ],
            [
              250863.43713271225,
              2546647.076155949
            ],
            [
              250863.43713271225,
              2546647.2261559493
            ],
            [
              250863.58713271224,
              2546647.2261559493
            ],
            [
              250863.58713271224,
              2546647.376155949
            ],
            [
              250863.58713271224,
              2546647.526155949
            ],
            [
              250862.83713271224,
              2546648.576155949
            ],
            [
              250862.08713271224,
              2546649.4761559493
            ],
            [
              250863.73713271227,
              2546647.526155949
            ],
            [
              250863.73713271227,
              2546647.676155949
            ],
            [
              250862.83713271224,
              2546648.7261559493
            ],
            [
              250862.98713271227,
              2546648.576155949
            ],
            [
              250862.08713271224,
              2546649.626155949
            ],
            [
              250862.23713271227,
              2546649.4761559493
            ],
            [
              250863.88713271226,
              2546647.676155949
            ],
            [
              250862.38713271226,
              2546649.326155949
            ],
            [
              250862.83713271224,
              2546648.876155949
            ],
            [
              250863.13713271226,
              2546648.576155949
            ],
            [
              250863.88713271226,
              2546647.826155949
            ],
            [
              250862.08713271224,
              2546649.776155949
            ],
            [
              250862.38713271226,
              2546649.4761559493
            ],
            [
              250862.53713271226,
              2546649.326155949
            ],
            [
              250862.68713271225,
              2546649.176155949
            ],
            [
              250862.83713271224,
              2546649.026155949
            ],
            [
              250863.28713271226,
              2546648.576155949
            ],
            [
              250863.88713271226,
              2546647.9761559493
            ],
            [
              250864.03713271226,
              2546647.9761559493
            ],
            [
              250863.88713271226,
              2546648.126155949
            ],
            [
              250863.43713271225,
              2546648.576155949
            ],
            [
              250862.83713271224,
              2546649.176155949
            ],
            [
              250862.68713271225,
              2546649.326155949
            ],
            [
              250862.08713271224,
              2546649.926155949
            ],
            [
              250864.03713271226,
              2546648.126155949
            ],
            [
              250863.88713271226,
              2546648.276155949
            ],
            [
              250863.73713271227,
              2546648.426155949
            ],
            [
              250863.58713271224,
              2546648.576155949
            ],
            [
              250863.88713271226,
              2546648.426155949
            ],
            [
              250863.73713271227,
              2546648.576155949
            ],
            [
              250862.08713271224,
              2546650.076155949
            ],
            [
              250862.08713271224,
              2546650.2261559493
            ],
            [
              250862.08713271224,
              2546650.376155949
            ],
            [
              250862.08713271224,
              2546650.526155949
            ],
            [
              250862.08713271224,
              2546650.676155949
            ],
            [
              250862.23713271227,
              2546650.676155949
            ],
            [
              250862.23713271227,
              2546650.826155949
            ],
            [
              250862.23713271227,
              2546650.9761559493
            ],
            [
              250862.38713271226,
              2546650.9761559493
            ],
            [
              250862.38713271226,
              2546651.126155949
            ],
            [
              250862.53713271226,
              2546651.126155949
            ],
            [
              250862.53713271226,
              2546651.276155949
            ],
            [
              250862.53713271226,
              2546651.426155949
            ],
            [
              250862.68713271225,
              2546651.426155949
            ],
            [
              250862.68713271225,
              2546651.576155949
            ],
            [
              250862.83713271224,
              2546651.576155949
            ],
            [
              250862.83713271224,
              2546651.7261559493
            ],
            [
              250862.83713271224,
              2546651.876155949
            ],
            [
              250862.98713271227,
              2546652.026155949
            ],
            [
              250862.83713271224,
              2546652.026155949
            ],
            [
              250863.13713271226,
              2546652.176155949
            ],
            [
              250862.98713271227,
              2546652.176155949
            ],
            [
              250863.13713271226,
              2546652.326155949
            ],
            [
              250863.28713271226,
              2546652.4761559493
            ],
            [
              250863.13713271226,
              2546652.4761559493
            ],
            [
              250863.43713271225,
              2546652.626155949
            ],
            [
              250863.28713271226,
              2546652.626155949
            ],
            [
              250863.58713271224,
              2546652.776155949
            ],
            [
              250863.43713271225,
              2546652.776155949
            ],
            [
              250863.58713271224,
              2546652.926155949
            ],
            [
              250863.73713271227,
              2546653.076155949
            ],
            [
              250863.58713271224,
              2546653.076155949
            ],
            [
              250863.88713271226,
              2546653.2261559493
            ],
            [
              250863.73713271227,
              2546653.2261559493
            ],
            [
              250863.88713271226,
              2546653.376155949
            ],
            [
              250863.88713271226,
              2546653.526155949
            ],
            [
              250863.88713271226,
              2546653.676155949
            ],
            [
              250864.18713271225,
              2546653.9761559493
            ],
            [
              250863.88713271226,
              2546653.826155949
            ],
            [
              250864.33713271224,
              2546654.126155949
            ],
            [
              250864.03713271226,
              2546653.9761559493
            ],
            [
              250864.48713271227,
              2546654.276155949
            ],
            [
              250864.18713271225,
              2546654.126155949
            ],
            [
              250864.63713271226,
              2546654.426155949
            ],
            [
              250863.88713271226,
              2546653.9761559493
            ],
            [
              250864.33713271224,
              2546654.276155949
            ],
            [
              250864.78713271226,
              2546654.576155949
            ],
            [
              250864.48713271227,
              2546654.426155949
            ],
            [
              250864.63713271226,
              2546654.576155949
            ],
            [
              250864.78713271226,
              2546654.7261559493
            ],
            [
              250864.93713271225,
              2546654.876155949
            ],
            [
              250864.78713271226,
              2546654.876155949
            ],
            [
              250864.93713271225,
              2546655.026155949
            ],
            [
              250865.08713271224,
              2546655.176155949
            ],
            [
              250865.23713271227,
              2546655.326155949
            ],
            [
              250864.93713271225,
              2546655.176155949
            ],
            [
              250865.08713271224,
              2546655.326155949
            ],
            [
              250866.28713271226,
              2546656.2261559493
            ],
            [
              250865.23713271227,
              2546655.4761559493
            ],
            [
              250866.43713271225,
              2546656.376155949
            ],
            [
              250865.38713271226,
              2546655.626155949
            ],
            [
              250866.13713271226,
              2546656.2261559493
            ],
            [
              250865.53713271226,
              2546655.776155949
            ],
            [
              250866.28713271226,
              2546656.376155949
            ],
            [
              250865.68713271225,
              2546655.926155949
            ],
            [
              250865.83713271224,
              2546656.076155949
            ],
            [
              250865.23713271227,
              2546655.626155949
            ],
            [
              250865.98713271227,
              2546656.2261559493
            ],
            [
              250865.38713271226,
              2546655.776155949
            ],
            [
              250865.53713271226,
              2546655.926155949
            ],
            [
              250866.28713271226,
              2546656.526155949
            ],
            [
              250865.68713271225,
              2546656.076155949
            ],
            [
              250865.83713271224,
              2546656.2261559493
            ],
            [
              250866.13713271226,
              2546656.526155949
            ],
            [
              250866.13713271226,
              2546656.676155949
            ],
            [
              250865.98713271227,
              2546656.676155949
            ],
            [
              250865.83713271224,
              2546656.676155949
            ],
            [
              250865.68713271225,
              2546656.676155949
            ],
            [
              250865.53713271226,
              2546656.676155949
            ],
            [
              250865.53713271226,
              2546656.826155949
            ],
            [
              250865.38713271226,
              2546656.826155949
            ],
            [
              250865.23713271227,
              2546656.826155949
            ],
            [
              250865.08713271224,
              2546656.826155949
            ],
            [
              250864.93713271225,
              2546656.826155949
            ],
            [
              250864.78713271226,
              2546656.826155949
            ],
            [
              250864.63713271226,
              2546656.826155949
            ],
            [
              250864.48713271227,
              2546656.826155949
            ],
            [
              250864.33713271224,
              2546656.826155949
            ],
            [
              250864.18713271225,
              2546656.826155949
            ],
            [
              250864.18713271225,
              2546656.9761559493
            ],
            [
              250864.18713271225,
              2546657.126155949
            ],
            [
              250864.18713271225,
              2546657.276155949
            ],
            [
              250864.18713271225,
              2546657.426155949
            ],
            [
              250864.18713271225,
              2546657.576155949
            ],
            [
              250864.18713271225,
              2546657.7261559493
            ],
            [
              250864.18713271225,
              2546657.876155949
            ],
            [
              250864.18713271225,
              2546658.026155949
            ],
            [
              250864.03713271226,
              2546658.026155949
            ],
            [
              250863.88713271226,
              2546658.026155949
            ],
            [
              250863.88713271226,
              2546658.176155949
            ],
            [
              250863.73713271227,
              2546658.176155949
            ],
            [
              250863.58713271224,
              2546658.176155949
            ],
            [
              250863.58713271224,
              2546658.326155949
            ],
            [
              250863.43713271225,
              2546658.326155949
            ],
            [
              250863.43713271225,
              2546658.4761559493
            ],
            [
              250863.43713271225,
              2546658.626155949
            ],
            [
              250863.28713271226,
              2546658.626155949
            ],
            [
              250863.28713271226,
              2546658.776155949
            ],
            [
              250863.13713271226,
              2546658.626155949
            ],
            [
              250862.98713271227,
              2546658.626155949
            ],
            [
              250862.83713271224,
              2546658.626155949
            ],
            [
              250862.68713271225,
              2546658.626155949
            ],
            [
              250862.53713271226,
              2546658.626155949
            ],
            [
              250862.38713271226,
              2546658.626155949
            ],
            [
              250862.23713271227,
              2546658.626155949
            ],
            [
              250862.08713271224,
              2546658.626155949
            ],
            [
              250861.93713271225,
              2546658.626155949
            ],
            [
              250861.78713271226,
              2546658.626155949
            ],
            [
              250861.78713271226,
              2546658.776155949
            ],
            [
              250861.78713271226,
              2546658.926155949
            ],
            [
              250861.63713271226,
              2546658.776155949
            ],
            [
              250861.48713271227,
              2546658.776155949
            ],
            [
              250861.33713271224,
              2546658.776155949
            ],
            [
              250861.18713271225,
              2546658.776155949
            ],
            [
              250861.03713271226,
              2546658.776155949
            ],
            [
              250860.88713271226,
              2546658.776155949
            ],
            [
              250860.73713271227,
              2546658.776155949
            ],
            [
              250860.58713271224,
              2546658.776155949
            ],
            [
              250860.43713271225,
              2546658.776155949
            ],
            [
              250860.28713271226,
              2546658.776155949
            ],
            [
              250860.28713271226,
              2546658.926155949
            ],
            [
              250860.13713271226,
              2546658.926155949
            ],
            [
              250859.98713271227,
              2546659.076155949
            ],
            [
              250859.98713271227,
              2546658.926155949
            ],
            [
              250859.83713271224,
              2546659.076155949
            ],
            [
              250859.68713271225,
              2546659.076155949
            ],
            [
              250859.68713271225,
              2546658.926155949
            ],
            [
              250859.53713271226,
              2546658.926155949
            ],
            [
              250859.38713271226,
              2546658.926155949
            ],
            [
              250859.23713271227,
              2546658.926155949
            ],
            [
              250859.23713271227,
              2546658.776155949
            ],
            [
              250859.08713271224,
              2546658.776155949
            ],
            [
              250859.08713271224,
              2546658.626155949
            ],
            [
              250858.93713271225,
              2546658.626155949
            ],
            [
              250858.93713271225,
              2546658.4761559493
            ],
            [
              250858.78713271226,
              2546658.4761559493
            ],
            [
              250858.78713271226,
              2546658.326155949
            ],
            [
              250858.78713271226,
              2546658.176155949
            ],
            [
              250858.78713271226,
              2546658.026155949
            ],
            [
              250858.78713271226,
              2546657.876155949
            ],
            [
              250858.78713271226,
              2546657.7261559493
            ],
            [
              250858.78713271226,
              2546657.576155949
            ],
            [
              250858.63713271226,
              2546657.576155949
            ],
            [
              250858.63713271226,
              2546657.426155949
            ],
            [
              250858.63713271226,
              2546657.276155949
            ],
            [
              250858.63713271226,
              2546657.126155949
            ],
            [
              250858.63713271226,
              2546656.9761559493
            ],
            [
              250858.48713271227,
              2546656.9761559493
            ],
            [
              250858.33713271224,
              2546656.9761559493
            ],
            [
              250858.18713271225,
              2546656.9761559493
            ],
            [
              250858.18713271225,
              2546656.826155949
            ],
            [
              250858.03713271226,
              2546656.826155949
            ],
            [
              250858.03713271226,
              2546656.676155949
            ],
            [
              250858.03713271226,
              2546656.526155949
            ],
            [
              250857.88713271226,
              2546656.526155949
            ],
            [
              250857.88713271226,
              2546656.376155949
            ],
            [
              250857.88713271226,
              2546656.2261559493
            ],
            [
              250857.88713271226,
              2546656.076155949
            ],
            [
              250857.88713271226,
              2546655.926155949
            ],
            [
              250857.88713271226,
              2546655.776155949
            ],
            [
              250857.88713271226,
              2546655.626155949
            ],
            [
              250857.88713271226,
              2546655.4761559493
            ],
            [
              250857.88713271226,
              2546655.326155949
            ],
            [
              250857.88713271226,
              2546655.176155949
            ],
            [
              250857.73713271227,
              2546655.176155949
            ],
            [
              250857.73713271227,
              2546655.026155949
            ],
            [
              250857.58713271224,
              2546655.026155949
            ],
            [
              250857.58713271224,
              2546654.876155949
            ],
            [
              250857.58713271224,
              2546654.7261559493
            ],
            [
              250857.58713271224,
              2546654.576155949
            ],
            [
              250857.43713271225,
              2546654.576155949
            ],
            [
              250857.43713271225,
              2546654.426155949
            ],
            [
              250857.28713271226,
              2546654.426155949
            ],
            [
              250857.28713271226,
              2546654.276155949
            ],
            [
              250857.28713271226,
              2546654.126155949
            ],
            [
              250857.13713271226,
              2546654.126155949
            ],
            [
              250857.13713271226,
              2546653.9761559493
            ],
            [
              250856.98713271227,
              2546653.9761559493
            ],
            [
              250856.98713271227,
              2546653.826155949
            ],
            [
              250856.98713271227,
              2546653.676155949
            ],
            [
              250856.83713271224,
              2546653.676155949
            ],
            [
              250856.83713271224,
              2546653.526155949
            ],
            [
              250856.83713271224,
              2546653.376155949
            ],
            [
              250856.68713271225,
              2546653.376155949
            ],
            [
              250856.68713271225,
              2546653.2261559493
            ],
            [
              250856.53713271226,
              2546653.2261559493
            ],
            [
              250856.53713271226,
              2546653.076155949
            ],
            [
              250856.53713271226,
              2546652.926155949
            ],
            [
              250856.38713271226,
              2546652.926155949
            ],
            [
              250856.38713271226,
              2546652.776155949
            ],
            [
              250856.38713271226,
              2546652.626155949
            ],
            [
              250856.23713271227,
              2546652.626155949
            ],
            [
              250856.23713271227,
              2546652.4761559493
            ],
            [
              250856.08713271224,
              2546652.4761559493
            ],
            [
              250856.08713271224,
              2546652.326155949
            ],
            [
              250855.93713271225,
              2546652.326155949
            ],
            [
              250855.93713271225,
              2546652.176155949
            ],
            [
              250855.93713271225,
              2546652.026155949
            ],
            [
              250855.78713271226,
              2546652.026155949
            ],
            [
              250855.78713271226,
              2546651.876155949
            ],
            [
              250855.63713271226,
              2546651.876155949
            ],
            [
              250855.63713271226,
              2546651.7261559493
            ]
          ]
        ]
      },
      "properties": {
        "plane_id": 0,
        "orientation": "horizontal",
        "surface_area_m2": 87.668,
        "projected_area_m2": 87.662,
        "tilt_deg": 0.689,
        "grid_azimuth_deg": null,
        "true_azimuth_deg": null,
        "aspect": "flat",
        "centroid_e": 250859.877,
        "centroid_n": 2546651.685,
        "centroid_z": 81.007,
        "z_min": 80.829,
        "z_max": 81.179,
        "height_above_deck_m": 0.0,
        "n_faces": 12256
      }
    },
    {
      "type": "Feature",
      "geometry": {
        "type": "Polygon",
        "coordinates": [
          [
            [
              250862.86064022256,
              2546651.764267337
            ],
            [
              250862.71064022253,
              2546651.614267337
            ],
            [
              250861.06064022254,
              2546649.664267337
            ],
            [
              250862.41064022254,
              2546651.164267337
            ],
            [
              250861.06064022254,
              2546649.514267337
            ],
            [
              250862.56064022254,
              2546651.314267337
            ],
            [
              250861.21064022253,
              2546649.664267337
            ],
            [
              250861.06064022254,
              2546649.364267337
            ],
            [
              250862.71064022253,
              2546651.4642673368
            ],
            [
              250862.26064022255,
              2546650.864267337
            ],
            [
              250861.36064022256,
              2546649.664267337
            ],
            [
              250860.91064022254,
              2546649.064267337
            ],
            [
              250861.06064022254,
              2546649.2142673368
            ],
            [
              250861.51064022255,
              2546649.814267337
            ],
            [
              250861.96064022253,
              2546650.414267337
            ],
            [
              250860.91064022254,
              2546648.914267337
            ],
            [
              250861.66064022254,
              2546649.9642673368
            ],
            [
              250862.41064022254,
              2546651.014267337
            ],
            [
              250861.06064022254,
              2546649.064267337
            ],
            [
              250862.11064022256,
              2546650.564267337
            ],
            [
              250860.76064022255,
              2546648.614267337
            ],
            [
              250860.46064022253,
              2546648.164267337
            ],
            [
              250861.81064022254,
              2546650.114267337
            ],
            [
              250859.86064022256,
              2546647.264267337
            ],
            [
              250861.51064022255,
              2546649.664267337
            ],
            [
              250861.21064022253,
              2546649.2142673368
            ],
            [
              250860.91064022254,
              2546648.764267337
            ],
            [
              250860.61064022256,
              2546648.314267337
            ],
            [
              250860.31064022254,
              2546647.864267337
            ],
            [
              250860.01064022255,
              2546647.414267337
            ],
            [
              250859.86064022256,
              2546647.114267337
            ],
            [
              250860.16064022254,
              2546647.564267337
            ],
            [
              250860.46064022253,
              2546648.014267337
            ],
            [
              250860.76064022255,
              2546648.4642673368
            ],
            [
              250861.06064022254,
              2546648.914267337
            ],
            [
              250861.36064022256,
              2546649.364267337
            ],
            [
              250861.66064022254,
              2546649.814267337
            ],
            [
              250861.96064022253,
              2546650.264267337
            ],
            [
              250862.26064022255,
              2546650.7142673368
            ],
            [
              250860.01064022255,
              2546647.264267337
            ],
            [
              250860.31064022254,
              2546647.7142673368
            ],
            [
              250860.61064022256,
              2546648.164267337
            ],
            [
              250862.56064022254,
              2546651.164267337
            ],
            [
              250860.91064022254,
              2546648.614267337
            ],
            [
              250861.21064022253,
              2546649.064267337
            ],
            [
              250860.16064022254,
              2546647.414267337
            ],
            [
              250861.51064022255,
              2546649.514267337
            ],
            [
              250860.46064022253,
              2546647.864267337
            ],
            [
              250860.76064022255,
              2546648.314267337
            ],
            [
              250861.81064022254,
              2546649.9642673368
            ],
            [
              250861.06064022254,
              2546648.764267337
            ],
            [
              250860.31064022254,
              2546647.564267337
            ],
            [
              250861.36064022256,
              2546649.2142673368
            ],
            [
              250862.11064022256,
              2546650.414267337
            ],
            [
              250860.91064022254,
              2546648.4642673368
            ],
            [
              250862.86064022256,
              2546651.614267337
            ],
            [
              250861.66064022254,
              2546649.664267337
            ],
            [
              250861.21064022253,
              2546648.914267337
            ],
            [
              250862.41064022254,
              2546650.864267337
            ],
            [
              250861.96064022253,
              2546650.114267337
            ],
            [
              250861.51064022255,
              2546649.364267337
            ],
            [
              250861.81064022254,
              2546649.814267337
            ],
            [
              250862.26064022255,
              2546650.564267337
            ],
            [
              250862.11064022256,
              2546650.264267337
            ],
            [
              250862.71064022253,
              2546651.314267337
            ],
            [
              250862.56064022254,
              2546651.014267337
            ],
            [
              250862.41064022254,
              2546650.7142673368
            ],
            [
              250862.26064022255,
              2546650.414267337
            ],
            [
              250862.41064022254,
              2546650.564267337
            ],
            [
              250862.71064022253,
              2546651.164267337
            ],
            [
              250862.41064022254,
              2546650.414267337
            ],
            [
              250862.86064022256,
              2546651.4642673368
            ],
            [
              250862.86064022256,
              2546651.314267337
            ],
            [
              250863.01064022255,
              2546651.614267337
            ],
            [
              250863.01064022255,
              2546651.764267337
            ],
            [
              250863.16064022254,
              2546651.914267337
            ],
            [
              250863.31064022254,
              2546652.064267337
            ],
            [
              250863.91064022254,
              2546652.814267337
            ],
            [
              250863.76064022255,
              2546652.664267337
            ],
            [
              250863.61064022256,
              2546652.514267337
            ],
            [
              250863.46064022253,
              2546652.364267337
            ],
            [
              250864.21064022253,
              2546653.264267337
            ],
            [
              250863.31064022254,
              2546652.2142673368
            ],
            [
              250864.06064022254,
              2546653.114267337
            ],
            [
              250863.91064022254,
              2546652.9642673368
            ],
            [
              250864.36064022256,
              2546653.564267337
            ],
            [
              250863.76064022255,
              2546652.814267337
            ],
            [
              250864.21064022253,
              2546653.414267337
            ],
            [
              250864.51064022255,
              2546653.864267337
            ],
            [
              250864.06064022254,
              2546653.264267337
            ],
            [
              250863.61064022256,
              2546652.664267337
            ],
            [
              250864.81064022254,
              2546654.314267337
            ],
            [
              250864.36064022256,
              2546653.7142673368
            ],
            [
              250865.11064022256,
              2546654.764267337
            ],
            [
              250863.16064022254,
              2546652.064267337
            ],
            [
              250865.86064022256,
              2546655.814267337
            ],
            [
              250863.91064022254,
              2546653.114267337
            ],
            [
              250864.66064022254,
              2546654.164267337
            ],
            [
              250865.41064022254,
              2546655.2142673368
            ],
            [
              250864.96064022253,
              2546654.614267337
            ],
            [
              250864.21064022253,
              2546653.564267337
            ],
            [
              250865.26064022255,
              2546655.064267337
            ],
            [
              250865.56064022254,
              2546655.514267337
            ],
            [
              250864.51064022255,
              2546654.014267337
            ],
            [
              250865.86064022256,
              2546655.9642673368
            ],
            [
              250864.81064022254,
              2546654.4642673368
            ],
            [
              250865.11064022256,
              2546654.914267337
            ],
            [
              250865.41064022254,
              2546655.364267337
            ],
            [
              250863.46064022253,
              2546652.514267337
            ],
            [
              250865.71064022253,
              2546655.814267337
            ],
            [
              250863.76064022255,
              2546652.9642673368
            ],
            [
              250864.36064022256,
              2546653.864267337
            ],
            [
              250864.66064022254,
              2546654.314267337
            ],
            [
              250864.96064022253,
              2546654.764267337
            ],
            [
              250865.26064022255,
              2546655.2142673368
            ],
            [
              250865.56064022254,
              2546655.664267337
            ],
            [
              250865.71064022253,
              2546655.9642673368
            ],
            [
              250865.41064022254,
              2546655.514267337
            ],
            [
              250865.11064022256,
              2546655.064267337
            ],
            [
              250864.81064022254,
              2546654.614267337
            ],
            [
              250864.51064022255,
              2546654.164267337
            ],
            [
              250864.21064022253,
              2546653.7142673368
            ],
            [
              250865.56064022254,
              2546655.814267337
            ],
            [
              250865.26064022255,
              2546655.364267337
            ],
            [
              250864.96064022253,
              2546654.914267337
            ],
            [
              250864.66064022254,
              2546654.4642673368
            ],
            [
              250863.61064022256,
              2546652.814267337
            ],
            [
              250864.36064022256,
              2546654.014267337
            ],
            [
              250865.11064022256,
              2546655.2142673368
            ],
            [
              250865.56064022254,
              2546655.9642673368
            ],
            [
              250864.81064022254,
              2546654.764267337
            ],
            [
              250865.26064022255,
              2546655.514267337
            ],
            [
              250864.06064022254,
              2546653.564267337
            ],
            [
              250864.51064022255,
              2546654.314267337
            ],
            [
              250864.96064022253,
              2546655.064267337
            ],
            [
              250864.66064022254,
              2546654.614267337
            ],
            [
              250864.21064022253,
              2546653.864267337
            ],
            [
              250863.76064022255,
              2546653.114267337
            ],
            [
              250863.31064022254,
              2546652.364267337
            ],
            [
              250865.26064022255,
              2546655.664267337
            ],
            [
              250865.41064022254,
              2546655.9642673368
            ],
            [
              250863.91064022254,
              2546653.414267337
            ],
            [
              250865.26064022255,
              2546655.814267337
            ],
            [
              250863.46064022253,
              2546652.664267337
            ],
            [
              250865.26064022255,
              2546655.9642673368
            ],
            [
              250863.76064022255,
              2546653.264267337
            ],
            [
              250863.91064022254,
              2546653.564267337
            ],
            [
              250863.76064022255,
              2546653.414267337
            ],
            [
              250863.16064022254,
              2546652.2142673368
            ],
            [
              250863.01064022255,
              2546651.914267337
            ],
            [
              250862.86064022256,
              2546651.914267337
            ],
            [
              250862.86064022256,
              2546651.764267337
            ]
          ]
        ]
      },
      "properties": {
        "plane_id": 1,
        "orientation": "vertical",
        "surface_area_m2": 32.798,
        "projected_area_m2": 0.783,
        "tilt_deg": 88.632,
        "grid_azimuth_deg": 303.7,
        "true_azimuth_deg": 302.75,
        "aspect": "WNW",
        "centroid_e": 250863.272,
        "centroid_n": 2546652.237,
        "centroid_z": 83.277,
        "z_min": 81.019,
        "z_max": 85.972,
        "height_above_deck_m": 2.269,
        "n_faces": 6765
      }
    },
    {
      "type": "Feature",
      "geometry": {
        "type": "Polygon",
        "coordinates": [
          [
            [
              250862.39723473857,
              2546650.1813427177
            ],
            [
              250862.54723473857,
              2546650.1813427177
            ],
            [
              250862.24723473855,
              2546650.031342718
            ],
            [
              250861.79723473857,
              2546649.881342718
            ],
            [
              250861.94723473856,
              2546649.881342718
            ],
            [
              250862.39723473857,
              2546650.031342718
            ],
            [
              250862.09723473855,
              2546649.881342718
            ],
            [
              250862.54723473857,
              2546650.031342718
            ],
            [
              250861.79723473857,
              2546649.731342718
            ],
            [
              250862.24723473855,
              2546649.881342718
            ],
            [
              250862.69723473856,
              2546650.031342718
            ],
            [
              250859.69723473856,
              2546648.6813427177
            ],
            [
              250859.84723473855,
              2546648.6813427177
            ],
            [
              250861.79723473857,
              2546649.5813427176
            ],
            [
              250859.69723473856,
              2546648.531342718
            ],
            [
              250859.54723473857,
              2546648.381342718
            ],
            [
              250859.84723473855,
              2546648.531342718
            ],
            [
              250859.39723473857,
              2546648.231342718
            ],
            [
              250859.69723473856,
              2546648.381342718
            ],
            [
              250859.99723473855,
              2546648.531342718
            ],
            [
              250859.54723473857,
              2546648.231342718
            ],
            [
              250861.79723473857,
              2546649.4313427177
            ],
            [
              250860.14723473857,
              2546648.531342718
            ],
            [
              250859.39723473857,
              2546648.0813427176
            ],
            [
              250860.29723473857,
              2546648.531342718
            ],
            [
              250862.69723473856,
              2546649.881342718
            ],
            [
              250859.39723473857,
              2546647.9313427177
            ],
            [
              250860.44723473856,
              2546648.531342718
            ],
            [
              250861.04723473857,
              2546648.8313427176
            ],
            [
              250861.79723473857,
              2546649.281342718
            ],
            [
              250860.59723473855,
              2546648.531342718
            ],
            [
              250859.39723473857,
              2546647.781342718
            ],
            [
              250861.64723473857,
              2546649.131342718
            ],
            [
              250859.54723473857,
              2546647.781342718
            ],
            [
              250861.19723473856,
              2546648.8313427176
            ],
            [
              250860.74723473855,
              2546648.531342718
            ],
            [
              250862.84723473855,
              2546649.881342718
            ],
            [
              250861.49723473855,
              2546648.981342718
            ],
            [
              250861.04723473857,
              2546648.6813427177
            ],
            [
              250859.54723473857,
              2546647.631342718
            ],
            [
              250860.89723473857,
              2546648.531342718
            ],
            [
              250861.34723473855,
              2546648.8313427176
            ],
            [
              250861.79723473857,
              2546649.131342718
            ],
            [
              250859.69723473856,
              2546647.631342718
            ],
            [
              250861.64723473857,
              2546648.981342718
            ],
            [
              250861.04723473857,
              2546648.531342718
            ],
            [
              250861.49723473855,
              2546648.8313427176
            ],
            [
              250859.84723473855,
              2546647.631342718
            ],
            [
              250862.99723473855,
              2546649.881342718
            ],
            [
              250859.84723473855,
              2546647.481342718
            ],
            [
              250859.99723473855,
              2546647.481342718
            ],
            [
              250860.14723473857,
              2546647.481342718
            ],
            [
              250860.29723473857,
              2546647.481342718
            ],
            [
              250860.44723473856,
              2546647.481342718
            ],
            [
              250862.99723473855,
              2546649.731342718
            ],
            [
              250860.44723473856,
              2546647.3313427176
            ],
            [
              250860.59723473855,
              2546647.3313427176
            ],
            [
              250860.74723473855,
              2546647.3313427176
            ],
            [
              250860.74723473855,
              2546647.1813427177
            ],
            [
              250863.14723473857,
              2546649.731342718
            ],
            [
              250860.89723473857,
              2546647.1813427177
            ],
            [
              250860.89723473857,
              2546647.031342718
            ],
            [
              250861.04723473857,
              2546647.031342718
            ],
            [
              250861.19723473856,
              2546647.031342718
            ],
            [
              250863.29723473857,
              2546649.731342718
            ],
            [
              250861.34723473855,
              2546647.031342718
            ],
            [
              250861.34723473855,
              2546646.881342718
            ],
            [
              250861.49723473855,
              2546646.881342718
            ],
            [
              250863.29723473857,
              2546649.5813427176
            ],
            [
              250861.49723473855,
              2546646.731342718
            ],
            [
              250861.64723473857,
              2546646.731342718
            ],
            [
              250861.64723473857,
              2546646.5813427176
            ],
            [
              250861.79723473857,
              2546646.5813427176
            ],
            [
              250861.79723473857,
              2546646.4313427177
            ],
            [
              250863.44723473856,
              2546649.5813427176
            ],
            [
              250861.94723473856,
              2546646.4313427177
            ],
            [
              250862.09723473855,
              2546646.4313427177
            ],
            [
              250862.09723473855,
              2546646.281342718
            ],
            [
              250862.24723473855,
              2546646.281342718
            ],
            [
              250862.39723473857,
              2546646.281342718
            ],
            [
              250863.59723473855,
              2546649.5813427176
            ],
            [
              250862.39723473857,
              2546646.131342718
            ],
            [
              250862.39723473857,
              2546645.981342718
            ],
            [
              250862.54723473857,
              2546645.981342718
            ],
            [
              250862.54723473857,
              2546645.8313427176
            ],
            [
              250862.69723473856,
              2546646.131342718
            ],
            [
              250862.69723473856,
              2546645.981342718
            ],
            [
              250862.69723473856,
              2546645.8313427176
            ],
            [
              250862.84723473855,
              2546646.281342718
            ],
            [
              250862.69723473856,
              2546645.6813427177
            ],
            [
              250862.84723473855,
              2546646.131342718
            ],
            [
              250862.99723473855,
              2546646.4313427177
            ],
            [
              250862.99723473855,
              2546646.281342718
            ],
            [
              250863.14723473857,
              2546646.731342718
            ],
            [
              250863.74723473855,
              2546649.5813427176
            ],
            [
              250863.14723473857,
              2546646.5813427176
            ],
            [
              250863.14723473857,
              2546646.4313427177
            ],
            [
              250863.29723473857,
              2546647.031342718
            ],
            [
              250863.29723473857,
              2546646.881342718
            ],
            [
              250863.29723473857,
              2546646.731342718
            ],
            [
              250863.44723473856,
              2546647.1813427177
            ],
            [
              250863.44723473856,
              2546647.031342718
            ],
            [
              250863.59723473855,
              2546647.1813427177
            ],
            [
              250863.74723473855,
              2546647.481342718
            ],
            [
              250863.74723473855,
              2546647.3313427176
            ],
            [
              250863.74723473855,
              2546647.1813427177
            ],
            [
              250863.89723473857,
              2546649.5813427176
            ],
            [
              250863.89723473857,
              2546647.631342718
            ],
            [
              250863.89723473857,
              2546647.481342718
            ],
            [
              250864.04723473857,
              2546647.631342718
            ],
            [
              250864.04723473857,
              2546647.781342718
            ],
            [
              250864.19723473856,
              2546647.781342718
            ],
            [
              250864.19723473856,
              2546647.9313427177
            ],
            [
              250864.04723473857,
              2546649.5813427176
            ],
            [
              250864.19723473856,
              2546648.0813427176
            ],
            [
              250864.34723473855,
              2546648.0813427176
            ],
            [
              250864.34723473855,
              2546648.231342718
            ],
            [
              250864.34723473855,
              2546648.381342718
            ],
            [
              250864.19723473856,
              2546649.5813427176
            ],
            [
              250864.49723473855,
              2546648.381342718
            ],
            [
              250864.64723473857,
              2546648.381342718
            ],
            [
              250864.79723473857,
              2546648.381342718
            ],
            [
              250864.34723473855,
              2546649.5813427176
            ],
            [
              250864.94723473856,
              2546648.381342718
            ],
            [
              250865.09723473855,
              2546648.381342718
            ],
            [
              250864.49723473855,
              2546649.5813427176
            ],
            [
              250865.24723473855,
              2546648.381342718
            ],
            [
              250865.24723473855,
              2546648.531342718
            ],
            [
              250864.49723473855,
              2546649.731342718
            ],
            [
              250865.24723473855,
              2546648.6813427177
            ],
            [
              250865.24723473855,
              2546648.8313427176
            ],
            [
              250864.49723473855,
              2546649.881342718
            ],
            [
              250865.24723473855,
              2546648.981342718
            ],
            [
              250865.24723473855,
              2546649.131342718
            ],
            [
              250864.64723473857,
              2546649.881342718
            ],
            [
              250865.39723473857,
              2546649.131342718
            ],
            [
              250865.54723473857,
              2546649.131342718
            ],
            [
              250865.54723473857,
              2546649.281342718
            ],
            [
              250864.64723473857,
              2546650.031342718
            ],
            [
              250865.54723473857,
              2546649.4313427177
            ],
            [
              250865.54723473857,
              2546649.5813427176
            ],
            [
              250864.64723473857,
              2546650.1813427177
            ],
            [
              250865.54723473857,
              2546649.731342718
            ],
            [
              250864.79723473857,
              2546650.1813427177
            ],
            [
              250865.54723473857,
              2546649.881342718
            ],
            [
              250865.69723473856,
              2546649.881342718
            ],
            [
              250865.69723473856,
              2546650.031342718
            ],
            [
              250864.79723473857,
              2546650.3313427176
            ],
            [
              250864.94723473856,
              2546650.3313427176
            ],
            [
              250865.69723473856,
              2546650.1813427177
            ],
            [
              250865.09723473855,
              2546650.3313427176
            ],
            [
              250865.69723473856,
              2546650.3313427176
            ],
            [
              250865.09723473855,
              2546650.481342718
            ],
            [
              250865.69723473856,
              2546650.481342718
            ],
            [
              250865.84723473855,
              2546650.481342718
            ],
            [
              250865.99723473855,
              2546650.631342718
            ],
            [
              250865.84723473855,
              2546650.631342718
            ],
            [
              250865.09723473855,
              2546650.631342718
            ],
            [
              250865.99723473855,
              2546650.781342718
            ],
            [
              250866.14723473857,
              2546650.9313427177
            ],
            [
              250865.09723473855,
              2546650.781342718
            ],
            [
              250865.99723473855,
              2546650.9313427177
            ],
            [
              250866.29723473857,
              2546651.0813427176
            ],
            [
              250866.14723473857,
              2546651.0813427176
            ],
            [
              250866.29723473857,
              2546651.231342718
            ],
            [
              250865.09723473855,
              2546650.9313427177
            ],
            [
              250866.44723473856,
              2546651.381342718
            ],
            [
              250866.29723473857,
              2546651.381342718
            ],
            [
              250866.59723473855,
              2546651.531342718
            ],
            [
              250866.44723473856,
              2546651.531342718
            ],
            [
              250866.59723473855,
              2546651.6813427177
            ],
            [
              250865.09723473855,
              2546651.0813427176
            ],
            [
              250866.74723473855,
              2546651.8313427176
            ],
            [
              250866.59723473855,
              2546651.8313427176
            ],
            [
              250866.89723473857,
              2546651.981342718
            ],
            [
              250866.74723473855,
              2546651.981342718
            ],
            [
              250866.89723473857,
              2546652.131342718
            ],
            [
              250867.04723473857,
              2546652.281342718
            ],
            [
              250865.09723473855,
              2546651.231342718
            ],
            [
              250867.19723473856,
              2546652.4313427177
            ],
            [
              250866.89723473857,
              2546652.281342718
            ],
            [
              250867.04723473857,
              2546652.4313427177
            ],
            [
              250867.19723473856,
              2546652.5813427176
            ],
            [
              250867.34723473855,
              2546652.731342718
            ],
            [
              250867.49723473855,
              2546652.881342718
            ],
            [
              250867.19723473856,
              2546652.731342718
            ],
            [
              250867.34723473855,
              2546652.881342718
            ],
            [
              250867.49723473855,
              2546653.031342718
            ],
            [
              250865.09723473855,
              2546651.381342718
            ],
            [
              250867.64723473857,
              2546653.1813427177
            ],
            [
              250868.39723473857,
              2546653.781342718
            ],
            [
              250867.49723473855,
              2546653.1813427177
            ],
            [
              250867.64723473857,
              2546653.3313427176
            ],
            [
              250868.24723473855,
              2546653.781342718
            ],
            [
              250867.79723473857,
              2546653.481342718
            ],
            [
              250868.09723473855,
              2546653.781342718
            ],
            [
              250867.64723473857,
              2546653.481342718
            ],
            [
              250867.79723473857,
              2546653.631342718
            ],
            [
              250867.94723473856,
              2546653.781342718
            ],
            [
              250865.09723473855,
              2546651.531342718
            ],
            [
              250867.79723473857,
              2546653.781342718
            ],
            [
              250867.64723473857,
              2546653.781342718
            ],
            [
              250867.49723473855,
              2546653.781342718
            ],
            [
              250867.49723473855,
              2546653.9313427177
            ],
            [
              250865.09723473855,
              2546651.6813427177
            ],
            [
              250867.34723473855,
              2546653.9313427177
            ],
            [
              250867.34723473855,
              2546654.0813427176
            ],
            [
              250867.34723473855,
              2546654.231342718
            ],
            [
              250864.94723473856,
              2546651.6813427177
            ],
            [
              250867.34723473855,
              2546654.381342718
            ],
            [
              250867.34723473855,
              2546654.531342718
            ],
            [
              250867.19723473856,
              2546654.531342718
            ],
            [
              250867.04723473857,
              2546654.531342718
            ],
            [
              250864.79723473857,
              2546651.6813427177
            ],
            [
              250867.04723473857,
              2546654.6813427177
            ],
            [
              250866.89723473857,
              2546654.6813427177
            ],
            [
              250866.89723473857,
              2546654.8313427176
            ],
            [
              250864.79723473857,
              2546651.8313427176
            ],
            [
              250866.74723473855,
              2546654.8313427176
            ],
            [
              250866.59723473855,
              2546654.8313427176
            ],
            [
              250866.44723473856,
              2546654.8313427176
            ],
            [
              250866.44723473856,
              2546654.981342718
            ],
            [
              250864.64723473857,
              2546651.8313427176
            ],
            [
              250866.29723473857,
              2546654.981342718
            ],
            [
              250866.29723473857,
              2546655.131342718
            ],
            [
              250864.64723473857,
              2546651.981342718
            ],
            [
              250866.14723473857,
              2546655.131342718
            ],
            [
              250866.14723473857,
              2546655.281342718
            ],
            [
              250865.99723473855,
              2546655.281342718
            ],
            [
              250865.99723473855,
              2546655.4313427177
            ],
            [
              250864.49723473855,
              2546651.981342718
            ],
            [
              250865.84723473855,
              2546655.4313427177
            ],
            [
              250865.69723473856,
              2546655.4313427177
            ],
            [
              250864.49723473855,
              2546652.131342718
            ],
            [
              250865.54723473857,
              2546655.4313427177
            ],
            [
              250865.09723473855,
              2546654.381342718
            ],
            [
              250865.39723473857,
              2546655.4313427177
            ],
            [
              250865.24723473855,
              2546654.981342718
            ],
            [
              250864.79723473857,
              2546653.481342718
            ],
            [
              250865.09723473855,
              2546654.531342718
            ],
            [
              250865.24723473855,
              2546655.131342718
            ],
            [
              250865.09723473855,
              2546654.6813427177
            ],
            [
              250864.79723473857,
              2546653.631342718
            ],
            [
              250865.24723473855,
              2546655.281342718
            ],
            [
              250865.09723473855,
              2546654.8313427176
            ],
            [
              250865.24723473855,
              2546655.4313427177
            ],
            [
              250864.79723473857,
              2546653.781342718
            ],
            [
              250864.94723473856,
              2546654.381342718
            ],
            [
              250865.09723473855,
              2546654.981342718
            ],
            [
              250864.34723473855,
              2546652.131342718
            ],
            [
              250864.64723473857,
              2546653.3313427176
            ],
            [
              250864.79723473857,
              2546653.9313427177
            ],
            [
              250864.79723473857,
              2546654.0813427176
            ],
            [
              250864.64723473857,
              2546653.481342718
            ],
            [
              250864.79723473857,
              2546654.231342718
            ],
            [
              250864.79723473857,
              2546654.381342718
            ],
            [
              250864.49723473855,
              2546653.1813427177
            ],
            [
              250864.49723473855,
              2546653.3313427176
            ],
            [
              250864.34723473855,
              2546653.031342718
            ],
            [
              250864.19723473856,
              2546652.131342718
            ],
            [
              250864.34723473855,
              2546653.1813427177
            ],
            [
              250864.19723473856,
              2546652.281342718
            ],
            [
              250864.19723473856,
              2546653.031342718
            ],
            [
              250864.04723473857,
              2546652.281342718
            ],
            [
              250864.04723473857,
              2546653.031342718
            ],
            [
              250863.89723473857,
              2546653.031342718
            ],
            [
              250863.89723473857,
              2546652.281342718
            ],
            [
              250863.74723473855,
              2546653.031342718
            ],
            [
              250863.74723473855,
              2546652.281342718
            ],
            [
              250863.59723473855,
              2546653.031342718
            ],
            [
              250863.44723473856,
              2546653.031342718
            ],
            [
              250863.59723473855,
              2546652.281342718
            ],
            [
              250863.29723473857,
              2546653.031342718
            ],
            [
              250863.29723473857,
              2546652.881342718
            ],
            [
              250863.44723473856,
              2546652.281342718
            ],
            [
              250863.14723473857,
              2546652.881342718
            ],
            [
              250863.29723473857,
              2546652.281342718
            ],
            [
              250862.99723473855,
              2546652.881342718
            ],
            [
              250862.99723473855,
              2546652.731342718
            ],
            [
              250863.14723473857,
              2546652.281342718
            ],
            [
              250862.84723473855,
              2546652.731342718
            ],
            [
              250862.84723473855,
              2546652.5813427176
            ],
            [
              250862.99723473855,
              2546652.281342718
            ],
            [
              250862.84723473855,
              2546652.4313427177
            ],
            [
              250862.99723473855,
              2546652.131342718
            ],
            [
              250862.69723473856,
              2546652.4313427177
            ],
            [
              250862.99723473855,
              2546651.981342718
            ],
            [
              250862.54723473857,
              2546652.4313427177
            ],
            [
              250862.84723473855,
              2546651.981342718
            ],
            [
              250862.54723473857,
              2546652.281342718
            ],
            [
              250862.84723473855,
              2546651.8313427176
            ],
            [
              250862.69723473856,
              2546651.981342718
            ],
            [
              250862.54723473857,
              2546652.131342718
            ],
            [
              250862.39723473857,
              2546652.131342718
            ],
            [
              250862.54723473857,
              2546651.981342718
            ],
            [
              250862.69723473856,
              2546651.8313427176
            ],
            [
              250862.84723473855,
              2546651.6813427177
            ],
            [
              250862.39723473857,
              2546651.981342718
            ],
            [
              250862.69723473856,
              2546651.6813427177
            ],
            [
              250862.84723473855,
              2546651.531342718
            ],
            [
              250862.69723473856,
              2546651.531342718
            ],
            [
              250862.39723473857,
              2546650.1813427177
            ]
          ]
        ]
      },
      "properties": {
        "plane_id": 2,
        "orientation": "horizontal",
        "surface_area_m2": 18.797,
        "projected_area_m2": 18.796,
        "tilt_deg": 0.59,
        "grid_azimuth_deg": null,
        "true_azimuth_deg": null,
        "aspect": "flat",
        "centroid_e": 250864.307,
        "centroid_n": 2546650.783,
        "centroid_z": 83.992,
        "z_min": 83.82,
        "z_max": 84.83,
        "height_above_deck_m": 2.985,
        "n_faces": 4021
      }
    },
    {
      "type": "Feature",
      "geometry": {
        "type": "Polygon",
        "coordinates": [
          [
            [
              250864.82249889962,
              2546648.688320768
            ],
            [
              250864.67249889963,
              2546648.538320768
            ],
            [
              250864.5224988996,
              2546648.388320768
            ],
            [
              250864.3724988996,
              2546648.238320768
            ],
            [
              250863.0224988996,
              2546647.038320768
            ],
            [
              250863.17249889963,
              2546647.038320768
            ],
            [
              250863.0224988996,
              2546646.888320768
            ],
            [
              250863.0224988996,
              2546646.738320768
            ],
            [
              250863.32249889962,
              2546647.038320768
            ],
            [
              250864.07249889962,
              2546647.788320768
            ],
            [
              250864.22249889962,
              2546647.938320768
            ],
            [
              250864.3724988996,
              2546648.088320768
            ],
            [
              250863.0224988996,
              2546646.588320768
            ],
            [
              250864.5224988996,
              2546648.238320768
            ],
            [
              250863.47249889962,
              2546647.038320768
            ],
            [
              250863.6224988996,
              2546647.188320768
            ],
            [
              250863.7724988996,
              2546647.338320768
            ],
            [
              250863.0224988996,
              2546646.438320768
            ],
            [
              250863.92249889963,
              2546647.488320768
            ],
            [
              250864.67249889963,
              2546648.388320768
            ],
            [
              250864.07249889962,
              2546647.638320768
            ],
            [
              250862.8724988996,
              2546646.138320768
            ],
            [
              250863.0224988996,
              2546646.288320768
            ],
            [
              250863.6224988996,
              2546647.038320768
            ],
            [
              250864.22249889962,
              2546647.788320768
            ],
            [
              250862.72249889962,
              2546645.838320768
            ],
            [
              250863.7724988996,
              2546647.188320768
            ],
            [
              250862.8724988996,
              2546645.988320768
            ],
            [
              250862.42249889963,
              2546645.388320768
            ],
            [
              250862.1224988996,
              2546644.938320768
            ],
            [
              250862.57249889962,
              2546645.538320768
            ],
            [
              250863.0224988996,
              2546646.138320768
            ],
            [
              250863.92249889963,
              2546647.338320768
            ],
            [
              250861.82249889962,
              2546644.488320768
            ],
            [
              250862.2724988996,
              2546645.088320768
            ],
            [
              250864.3724988996,
              2546647.938320768
            ],
            [
              250862.72249889962,
              2546645.688320768
            ],
            [
              250861.97249889962,
              2546644.638320768
            ],
            [
              250862.42249889963,
              2546645.238320768
            ],
            [
              250861.67249889963,
              2546644.188320768
            ],
            [
              250862.8724988996,
              2546645.838320768
            ],
            [
              250862.1224988996,
              2546644.788320768
            ],
            [
              250861.82249889962,
              2546644.338320768
            ],
            [
              250862.57249889962,
              2546645.388320768
            ],
            [
              250863.32249889962,
              2546646.438320768
            ],
            [
              250864.07249889962,
              2546647.488320768
            ],
            [
              250862.2724988996,
              2546644.938320768
            ],
            [
              250863.0224988996,
              2546645.988320768
            ],
            [
              250861.97249889962,
              2546644.488320768
            ],
            [
              250861.67249889963,
              2546644.038320768
            ],
            [
              250862.72249889962,
              2546645.538320768
            ],
            [
              250863.7724988996,
              2546647.038320768
            ],
            [
              250862.42249889963,
              2546645.088320768
            ],
            [
              250862.1224988996,
              2546644.638320768
            ],
            [
              250863.47249889962,
              2546646.588320768
            ],
            [
              250861.82249889962,
              2546644.188320768
            ],
            [
              250864.82249889962,
              2546648.538320768
            ],
            [
              250863.17249889963,
              2546646.138320768
            ],
            [
              250861.67249889963,
              2546643.888320768
            ],
            [
              250864.5224988996,
              2546648.088320768
            ],
            [
              250864.22249889962,
              2546647.638320768
            ],
            [
              250863.92249889963,
              2546647.188320768
            ],
            [
              250863.6224988996,
              2546646.738320768
            ],
            [
              250863.32249889962,
              2546646.288320768
            ],
            [
              250863.0224988996,
              2546645.838320768
            ],
            [
              250861.97249889962,
              2546644.188320768
            ],
            [
              250863.17249889963,
              2546645.988320768
            ],
            [
              250863.47249889962,
              2546646.438320768
            ],
            [
              250863.7724988996,
              2546646.888320768
            ],
            [
              250862.72249889962,
              2546645.238320768
            ],
            [
              250863.0224988996,
              2546645.688320768
            ],
            [
              250864.07249889962,
              2546647.338320768
            ],
            [
              250863.32249889962,
              2546646.138320768
            ],
            [
              250862.1224988996,
              2546644.188320768
            ],
            [
              250863.6224988996,
              2546646.588320768
            ],
            [
              250862.42249889963,
              2546644.638320768
            ],
            [
              250864.3724988996,
              2546647.788320768
            ],
            [
              250862.72249889962,
              2546645.088320768
            ],
            [
              250863.92249889963,
              2546647.038320768
            ],
            [
              250863.0224988996,
              2546645.538320768
            ],
            [
              250862.42249889963,
              2546644.488320768
            ],
            [
              250862.8724988996,
              2546645.238320768
            ],
            [
              250863.7724988996,
              2546646.738320768
            ],
            [
              250862.2724988996,
              2546644.188320768
            ],
            [
              250864.22249889962,
              2546647.488320768
            ],
            [
              250862.72249889962,
              2546644.938320768
            ],
            [
              250862.57249889962,
              2546644.638320768
            ],
            [
              250863.0224988996,
              2546645.388320768
            ],
            [
              250862.42249889963,
              2546644.338320768
            ],
            [
              250864.67249889963,
              2546648.238320768
            ],
            [
              250864.07249889962,
              2546647.188320768
            ],
            [
              250862.72249889962,
              2546644.788320768
            ],
            [
              250862.42249889963,
              2546644.188320768
            ],
            [
              250863.0224988996,
              2546645.238320768
            ],
            [
              250864.5224988996,
              2546647.938320768
            ],
            [
              250862.72249889962,
              2546644.638320768
            ],
            [
              250864.3724988996,
              2546647.638320768
            ],
            [
              250864.22249889962,
              2546647.338320768
            ],
            [
              250864.67249889963,
              2546648.088320768
            ],
            [
              250864.82249889962,
              2546648.238320768
            ],
            [
              250864.97249889962,
              2546648.238320768
            ],
            [
              250864.97249889962,
              2546648.688320768
            ],
            [
              250865.1224988996,
              2546648.238320768
            ],
            [
              250865.1224988996,
              2546648.388320768
            ],
            [
              250865.2724988996,
              2546648.388320768
            ],
            [
              250865.2724988996,
              2546648.538320768
            ],
            [
              250865.42249889963,
              2546648.538320768
            ],
            [
              250865.42249889963,
              2546648.688320768
            ],
            [
              250865.42249889963,
              2546648.838320768
            ],
            [
              250865.57249889962,
              2546648.988320768
            ],
            [
              250865.42249889963,
              2546648.988320768
            ],
            [
              250865.57249889962,
              2546649.138320768
            ],
            [
              250865.2724988996,
              2546648.988320768
            ],
            [
              250865.57249889962,
              2546649.288320768
            ],
            [
              250865.57249889962,
              2546649.438320768
            ],
            [
              250865.8724988996,
              2546649.888320768
            ],
            [
              250865.2724988996,
              2546649.138320768
            ],
            [
              250866.32249889962,
              2546650.488320768
            ],
            [
              250865.72249889962,
              2546649.738320768
            ],
            [
              250866.17249889963,
              2546650.338320768
            ],
            [
              250866.6224988996,
              2546650.938320768
            ],
            [
              250867.3724988996,
              2546651.988320768
            ],
            [
              250866.92249889963,
              2546651.388320768
            ],
            [
              250866.47249889962,
              2546650.788320768
            ],
            [
              250867.67249889963,
              2546652.438320768
            ],
            [
              250866.0224988996,
              2546650.188320768
            ],
            [
              250867.22249889962,
              2546651.838320768
            ],
            [
              250868.42249889963,
              2546653.488320768
            ],
            [
              250867.97249889962,
              2546652.888320768
            ],
            [
              250866.7724988996,
              2546651.238320768
            ],
            [
              250867.5224988996,
              2546652.288320768
            ],
            [
              250865.57249889962,
              2546649.588320768
            ],
            [
              250868.2724988996,
              2546653.338320768
            ],
            [
              250866.32249889962,
              2546650.638320768
            ],
            [
              250867.07249889962,
              2546651.688320768
            ],
            [
              250867.82249889962,
              2546652.738320768
            ],
            [
              250868.1224988996,
              2546653.188320768
            ],
            [
              250867.3724988996,
              2546652.138320768
            ],
            [
              250866.6224988996,
              2546651.088320768
            ],
            [
              250868.42249889963,
              2546653.638320768
            ],
            [
              250867.67249889963,
              2546652.588320768
            ],
            [
              250865.8724988996,
              2546650.038320768
            ],
            [
              250866.92249889963,
              2546651.538320768
            ],
            [
              250867.97249889962,
              2546653.038320768
            ],
            [
              250868.2724988996,
              2546653.488320768
            ],
            [
              250867.22249889962,
              2546651.988320768
            ],
            [
              250866.17249889963,
              2546650.488320768
            ],
            [
              250867.5224988996,
              2546652.438320768
            ],
            [
              250867.82249889962,
              2546652.888320768
            ],
            [
              250868.1224988996,
              2546653.338320768
            ],
            [
              250866.47249889962,
              2546650.938320768
            ],
            [
              250866.7724988996,
              2546651.388320768
            ],
            [
              250867.07249889962,
              2546651.838320768
            ],
            [
              250867.3724988996,
              2546652.288320768
            ],
            [
              250867.67249889963,
              2546652.738320768
            ],
            [
              250867.97249889962,
              2546653.188320768
            ],
            [
              250868.2724988996,
              2546653.638320768
            ],
            [
              250868.1224988996,
              2546653.488320768
            ],
            [
              250867.82249889962,
              2546653.038320768
            ],
            [
              250867.5224988996,
              2546652.588320768
            ],
            [
              250867.22249889962,
              2546652.138320768
            ],
            [
              250866.92249889963,
              2546651.688320768
            ],
            [
              250866.6224988996,
              2546651.238320768
            ],
            [
              250866.32249889962,
              2546650.788320768
            ],
            [
              250866.0224988996,
              2546650.338320768
            ],
            [
              250865.72249889962,
              2546649.888320768
            ],
            [
              250865.42249889963,
              2546649.438320768
            ],
            [
              250867.97249889962,
              2546653.338320768
            ],
            [
              250867.67249889963,
              2546652.888320768
            ],
            [
              250867.3724988996,
              2546652.438320768
            ],
            [
              250865.1224988996,
              2546648.988320768
            ],
            [
              250867.07249889962,
              2546651.988320768
            ],
            [
              250866.7724988996,
              2546651.538320768
            ],
            [
              250868.1224988996,
              2546653.638320768
            ],
            [
              250866.47249889962,
              2546651.088320768
            ],
            [
              250867.82249889962,
              2546653.188320768
            ],
            [
              250867.5224988996,
              2546652.738320768
            ],
            [
              250866.17249889963,
              2546650.638320768
            ],
            [
              250867.22249889962,
              2546652.288320768
            ],
            [
              250866.92249889963,
              2546651.838320768
            ],
            [
              250867.67249889963,
              2546653.038320768
            ],
            [
              250865.8724988996,
              2546650.188320768
            ],
            [
              250866.6224988996,
              2546651.388320768
            ],
            [
              250867.3724988996,
              2546652.588320768
            ],
            [
              250867.07249889962,
              2546652.138320768
            ],
            [
              250866.32249889962,
              2546650.938320768
            ],
            [
              250866.7724988996,
              2546651.688320768
            ],
            [
              250865.57249889962,
              2546649.738320768
            ],
            [
              250866.0224988996,
              2546650.488320768
            ],
            [
              250866.47249889962,
              2546651.238320768
            ],
            [
              250866.92249889963,
              2546651.988320768
            ],
            [
              250866.6224988996,
              2546651.538320768
            ],
            [
              250866.17249889963,
              2546650.788320768
            ],
            [
              250865.72249889962,
              2546650.038320768
            ],
            [
              250866.32249889962,
              2546651.088320768
            ],
            [
              250865.8724988996,
              2546650.338320768
            ],
            [
              250865.2724988996,
              2546649.288320768
            ],
            [
              250866.0224988996,
              2546650.638320768
            ],
            [
              250865.42249889963,
              2546649.588320768
            ],
            [
              250865.57249889962,
              2546649.888320768
            ],
            [
              250865.72249889962,
              2546650.188320768
            ],
            [
              250865.2724988996,
              2546649.438320768
            ],
            [
              250864.97249889962,
              2546648.838320768
            ],
            [
              250864.97249889962,
              2546648.988320768
            ],
            [
              250864.82249889962,
              2546648.688320768
            ]
          ]
        ]
      },
      "properties": {
        "plane_id": 3,
        "orientation": "vertical",
        "surface_area_m2": 17.665,
        "projected_area_m2": 0.464,
        "tilt_deg": 88.496,
        "grid_azimuth_deg": 304.32,
        "true_azimuth_deg": 303.37,
        "aspect": "WNW",
        "centroid_e": 250864.526,
        "centroid_n": 2546648.142,
        "centroid_z": 83.697,
        "z_min": 81.223,
        "z_max": 85.35,
        "height_above_deck_m": 2.689,
        "n_faces": 3933
      }
    },
    {
      "type": "Feature",
      "geometry": {
        "type": "Polygon",
        "coordinates": [
          [
            [
              250859.50961366683,
              2546647.779292146
            ],
            [
              250859.65961366682,
              2546647.779292146
            ],
            [
              250859.65961366682,
              2546647.6292921463
            ],
            [
              250859.65961366682,
              2546647.479292146
            ],
            [
              250859.80961366682,
              2546647.479292146
            ],
            [
              250859.9596136668,
              2546647.479292146
            ],
            [
              250859.9596136668,
              2546647.329292146
            ],
            [
              250860.10961366683,
              2546647.329292146
            ],
            [
              250860.25961366683,
              2546647.329292146
            ],
            [
              250860.40961366682,
              2546647.329292146
            ],
            [
              250860.55961366682,
              2546647.329292146
            ],
            [
              250860.55961366682,
              2546647.179292146
            ],
            [
              250860.7096136668,
              2546647.179292146
            ],
            [
              250860.85961366683,
              2546647.179292146
            ],
            [
              250860.85961366683,
              2546647.029292146
            ],
            [
              250861.00961366683,
              2546647.029292146
            ],
            [
              250861.00961366683,
              2546646.8792921463
            ],
            [
              250861.00961366683,
              2546646.729292146
            ],
            [
              250861.00961366683,
              2546646.579292146
            ],
            [
              250861.00961366683,
              2546646.429292146
            ],
            [
              250861.00961366683,
              2546646.279292146
            ],
            [
              250861.15961366682,
              2546646.279292146
            ],
            [
              250861.15961366682,
              2546646.1292921463
            ],
            [
              250861.30961366682,
              2546646.1292921463
            ],
            [
              250861.4596136668,
              2546646.1292921463
            ],
            [
              250861.60961366683,
              2546646.1292921463
            ],
            [
              250861.75961366683,
              2546646.1292921463
            ],
            [
              250861.90961366682,
              2546646.1292921463
            ],
            [
              250862.05961366682,
              2546645.529292146
            ],
            [
              250862.05961366682,
              2546645.679292146
            ],
            [
              250862.05961366682,
              2546645.829292146
            ],
            [
              250862.05961366682,
              2546645.979292146
            ],
            [
              250862.05961366682,
              2546646.1292921463
            ],
            [
              250862.2096136668,
              2546645.3792921463
            ],
            [
              250862.2096136668,
              2546645.529292146
            ],
            [
              250862.35961366683,
              2546645.3792921463
            ],
            [
              250862.50961366683,
              2546645.3792921463
            ],
            [
              250862.65961366682,
              2546645.3792921463
            ],
            [
              250862.65961366682,
              2546645.529292146
            ],
            [
              250862.65961366682,
              2546645.679292146
            ],
            [
              250862.65961366682,
              2546645.829292146
            ],
            [
              250862.80961366682,
              2546645.829292146
            ],
            [
              250862.80961366682,
              2546645.979292146
            ],
            [
              250862.80961366682,
              2546646.1292921463
            ],
            [
              250862.9596136668,
              2546646.1292921463
            ],
            [
              250862.9596136668,
              2546646.279292146
            ],
            [
              250863.10961366683,
              2546646.279292146
            ],
            [
              250863.10961366683,
              2546646.429292146
            ],
            [
              250863.10961366683,
              2546646.579292146
            ],
            [
              250863.25961366683,
              2546646.579292146
            ],
            [
              250863.25961366683,
              2546646.729292146
            ],
            [
              250863.40961366682,
              2546646.729292146
            ],
            [
              250863.40961366682,
              2546646.8792921463
            ],
            [
              250863.40961366682,
              2546647.029292146
            ],
            [
              250863.55961366682,
              2546647.029292146
            ],
            [
              250863.55961366682,
              2546647.179292146
            ],
            [
              250863.55961366682,
              2546647.329292146
            ],
            [
              250863.7096136668,
              2546647.329292146
            ],
            [
              250863.7096136668,
              2546647.479292146
            ],
            [
              250863.85961366683,
              2546647.479292146
            ],
            [
              250864.00961366683,
              2546647.479292146
            ],
            [
              250864.00961366683,
              2546647.6292921463
            ],
            [
              250864.00961366683,
              2546647.779292146
            ],
            [
              250864.15961366682,
              2546647.779292146
            ],
            [
              250864.00961366683,
              2546647.929292146
            ],
            [
              250863.85961366683,
              2546647.929292146
            ],
            [
              250863.7096136668,
              2546647.929292146
            ],
            [
              250863.7096136668,
              2546648.079292146
            ],
            [
              250863.55961366682,
              2546648.079292146
            ],
            [
              250863.55961366682,
              2546648.229292146
            ],
            [
              250863.40961366682,
              2546648.229292146
            ],
            [
              250863.40961366682,
              2546648.3792921463
            ],
            [
              250863.25961366683,
              2546648.3792921463
            ],
            [
              250863.25961366683,
              2546648.529292146
            ],
            [
              250863.25961366683,
              2546648.679292146
            ],
            [
              250863.25961366683,
              2546648.829292146
            ],
            [
              250863.25961366683,
              2546648.979292146
            ],
            [
              250863.25961366683,
              2546649.1292921463
            ],
            [
              250863.25961366683,
              2546649.279292146
            ],
            [
              250863.25961366683,
              2546649.429292146
            ],
            [
              250863.40961366682,
              2546649.729292146
            ],
            [
              250863.25961366683,
              2546649.579292146
            ],
            [
              250863.25961366683,
              2546649.729292146
            ],
            [
              250863.25961366683,
              2546649.8792921463
            ],
            [
              250863.10961366683,
              2546649.8792921463
            ],
            [
              250863.10961366683,
              2546650.029292146
            ],
            [
              250862.9596136668,
              2546650.029292146
            ],
            [
              250862.80961366682,
              2546650.029292146
            ],
            [
              250862.80961366682,
              2546650.179292146
            ],
            [
              250862.50961366683,
              2546649.429292146
            ],
            [
              250862.50961366683,
              2546649.579292146
            ],
            [
              250862.65961366682,
              2546650.179292146
            ],
            [
              250862.50961366683,
              2546649.729292146
            ],
            [
              250862.65961366682,
              2546650.329292146
            ],
            [
              250862.50961366683,
              2546649.8792921463
            ],
            [
              250862.50961366683,
              2546650.029292146
            ],
            [
              250862.35961366683,
              2546649.429292146
            ],
            [
              250862.50961366683,
              2546650.179292146
            ],
            [
              250862.50961366683,
              2546650.329292146
            ],
            [
              250862.2096136668,
              2546649.429292146
            ],
            [
              250862.05961366682,
              2546649.429292146
            ],
            [
              250861.90961366682,
              2546649.429292146
            ],
            [
              250861.75961366683,
              2546649.429292146
            ],
            [
              250861.75961366683,
              2546649.279292146
            ],
            [
              250861.60961366683,
              2546649.279292146
            ],
            [
              250861.60961366683,
              2546649.1292921463
            ],
            [
              250861.60961366683,
              2546648.979292146
            ],
            [
              250861.4596136668,
              2546648.979292146
            ],
            [
              250861.4596136668,
              2546648.829292146
            ],
            [
              250861.30961366682,
              2546648.829292146
            ],
            [
              250861.15961366682,
              2546648.829292146
            ],
            [
              250861.00961366683,
              2546648.829292146
            ],
            [
              250861.00961366683,
              2546648.679292146
            ],
            [
              250861.00961366683,
              2546648.529292146
            ],
            [
              250860.85961366683,
              2546648.529292146
            ],
            [
              250860.85961366683,
              2546648.3792921463
            ],
            [
              250860.85961366683,
              2546648.229292146
            ],
            [
              250860.7096136668,
              2546648.229292146
            ],
            [
              250860.7096136668,
              2546648.079292146
            ],
            [
              250860.55961366682,
              2546648.079292146
            ],
            [
              250860.40961366682,
              2546648.079292146
            ],
            [
              250860.25961366683,
              2546648.079292146
            ],
            [
              250860.10961366683,
              2546648.079292146
            ],
            [
              250859.9596136668,
              2546648.079292146
            ],
            [
              250859.80961366682,
              2546648.079292146
            ],
            [
              250859.65961366682,
              2546648.079292146
            ],
            [
              250859.50961366683,
              2546648.079292146
            ],
            [
              250859.35961366683,
              2546648.079292146
            ],
            [
              250859.50961366683,
              2546647.929292146
            ],
            [
              250859.35961366683,
              2546647.929292146
            ],
            [
              250859.50961366683,
              2546647.779292146
            ]
          ]
        ]
      },
      "properties": {
        "plane_id": 4,
        "orientation": "horizontal",
        "surface_area_m2": 8.088,
        "projected_area_m2": 8.087,
        "tilt_deg": 0.986,
        "grid_azimuth_deg": null,
        "true_azimuth_deg": null,
        "aspect": "flat",
        "centroid_e": 250862.165,
        "centroid_n": 2546647.648,
        "centroid_z": 83.763,
        "z_min": 83.693,
        "z_max": 85.425,
        "height_above_deck_m": 2.756,
        "n_faces": 1545
      }
    },
    {
      "type": "Feature",
      "geometry": {
        "type": "Polygon",
        "coordinates": [
          [
            [
              250858.09141802462,
              2546655.671222369
            ],
            [
              250858.2414180246,
              2546655.671222369
            ],
            [
              250858.3914180246,
              2546655.671222369
            ],
            [
              250858.5414180246,
              2546655.671222369
            ],
            [
              250858.84141802462,
              2546655.671222369
            ],
            [
              250858.5414180246,
              2546655.5212223693
            ],
            [
              250858.6914180246,
              2546655.5212223693
            ],
            [
              250858.84141802462,
              2546655.5212223693
            ],
            [
              250858.6914180246,
              2546655.3712223694
            ],
            [
              250858.84141802462,
              2546655.3712223694
            ],
            [
              250863.7914180246,
              2546653.5712223696
            ],
            [
              250863.34141802462,
              2546653.8712223694
            ],
            [
              250863.6414180246,
              2546653.7212223695
            ],
            [
              250863.9414180246,
              2546653.5712223696
            ],
            [
              250862.8914180246,
              2546654.171222369
            ],
            [
              250863.1914180246,
              2546654.0212223693
            ],
            [
              250863.4914180246,
              2546653.8712223694
            ],
            [
              250863.7914180246,
              2546653.7212223695
            ],
            [
              250862.4414180246,
              2546654.4712223695
            ],
            [
              250862.7414180246,
              2546654.3212223696
            ],
            [
              250863.0414180246,
              2546654.171222369
            ],
            [
              250863.34141802462,
              2546654.0212223693
            ],
            [
              250863.6414180246,
              2546653.8712223694
            ],
            [
              250863.1914180246,
              2546654.171222369
            ],
            [
              250862.8914180246,
              2546654.3212223696
            ],
            [
              250862.59141802462,
              2546654.4712223695
            ],
            [
              250862.2914180246,
              2546654.6212223694
            ],
            [
              250861.9914180246,
              2546654.7712223693
            ],
            [
              250862.7414180246,
              2546654.4712223695
            ],
            [
              250862.4414180246,
              2546654.6212223694
            ],
            [
              250862.1414180246,
              2546654.7712223693
            ],
            [
              250861.84141802462,
              2546654.921222369
            ],
            [
              250861.5414180246,
              2546655.0712223696
            ],
            [
              250862.2914180246,
              2546654.7712223693
            ],
            [
              250861.9914180246,
              2546654.921222369
            ],
            [
              250861.6914180246,
              2546655.0712223696
            ],
            [
              250861.3914180246,
              2546655.2212223695
            ],
            [
              250861.84141802462,
              2546655.0712223696
            ],
            [
              250861.5414180246,
              2546655.2212223695
            ],
            [
              250861.09141802462,
              2546655.3712223694
            ],
            [
              250861.6914180246,
              2546655.2212223695
            ],
            [
              250861.2414180246,
              2546655.3712223694
            ],
            [
              250861.3914180246,
              2546655.3712223694
            ],
            [
              250860.9414180246,
              2546655.5212223693
            ],
            [
              250861.09141802462,
              2546655.5212223693
            ],
            [
              250861.2414180246,
              2546655.5212223693
            ],
            [
              250860.6414180246,
              2546655.671222369
            ],
            [
              250860.7914180246,
              2546655.671222369
            ],
            [
              250860.9414180246,
              2546655.671222369
            ],
            [
              250860.7914180246,
              2546655.8212223696
            ],
            [
              250860.6414180246,
              2546655.8212223696
            ],
            [
              250860.4914180246,
              2546655.8212223696
            ],
            [
              250860.4914180246,
              2546655.9712223695
            ],
            [
              250860.34141802462,
              2546655.9712223695
            ],
            [
              250860.34141802462,
              2546656.1212223694
            ],
            [
              250860.1914180246,
              2546656.1212223694
            ],
            [
              250860.1914180246,
              2546656.2712223693
            ],
            [
              250860.0414180246,
              2546656.2712223693
            ],
            [
              250860.0414180246,
              2546656.1212223694
            ],
            [
              250859.8914180246,
              2546656.421222369
            ],
            [
              250859.8914180246,
              2546656.2712223693
            ],
            [
              250859.7414180246,
              2546656.5712223696
            ],
            [
              250859.7414180246,
              2546656.421222369
            ],
            [
              250859.8914180246,
              2546656.1212223694
            ],
            [
              250859.59141802462,
              2546656.5712223696
            ],
            [
              250859.4414180246,
              2546656.7212223695
            ],
            [
              250859.2914180246,
              2546656.8712223694
            ],
            [
              250859.1414180246,
              2546657.0212223693
            ],
            [
              250859.4414180246,
              2546656.5712223696
            ],
            [
              250859.2914180246,
              2546656.7212223695
            ],
            [
              250859.1414180246,
              2546656.8712223694
            ],
            [
              250858.9914180246,
              2546657.0212223693
            ],
            [
              250859.7414180246,
              2546656.1212223694
            ],
            [
              250858.84141802462,
              2546657.0212223693
            ],
            [
              250858.5414180246,
              2546657.171222369
            ],
            [
              250858.6914180246,
              2546657.0212223693
            ],
            [
              250858.3914180246,
              2546657.171222369
            ],
            [
              250858.5414180246,
              2546657.0212223693
            ],
            [
              250859.59141802462,
              2546656.1212223694
            ],
            [
              250858.2414180246,
              2546657.171222369
            ],
            [
              250858.2414180246,
              2546657.0212223693
            ],
            [
              250858.2414180246,
              2546656.8712223694
            ],
            [
              250859.4414180246,
              2546656.1212223694
            ],
            [
              250858.2414180246,
              2546656.7212223695
            ],
            [
              250859.2914180246,
              2546656.1212223694
            ],
            [
              250858.2414180246,
              2546656.5712223696
            ],
            [
              250859.1414180246,
              2546656.1212223694
            ],
            [
              250858.2414180246,
              2546656.421222369
            ],
            [
              250858.2414180246,
              2546656.2712223693
            ],
            [
              250859.1414180246,
              2546655.9712223695
            ],
            [
              250858.09141802462,
              2546656.2712223693
            ],
            [
              250857.9414180246,
              2546656.2712223693
            ],
            [
              250858.9914180246,
              2546655.9712223695
            ],
            [
              250857.7914180246,
              2546656.2712223693
            ],
            [
              250857.6414180246,
              2546656.2712223693
            ],
            [
              250858.84141802462,
              2546655.9712223695
            ],
            [
              250857.4914180246,
              2546656.2712223693
            ],
            [
              250858.09141802462,
              2546656.1212223694
            ],
            [
              250857.34141802462,
              2546656.2712223693
            ],
            [
              250857.9414180246,
              2546656.1212223694
            ],
            [
              250857.7914180246,
              2546656.1212223694
            ],
            [
              250857.6414180246,
              2546656.1212223694
            ],
            [
              250857.4914180246,
              2546656.1212223694
            ],
            [
              250858.09141802462,
              2546655.9712223695
            ],
            [
              250858.84141802462,
              2546655.8212223696
            ],
            [
              250858.09141802462,
              2546655.8212223696
            ],
            [
              250858.09141802462,
              2546655.671222369
            ]
          ]
        ]
      },
      "properties": {
        "plane_id": 5,
        "orientation": "vertical",
        "surface_area_m2": 7.433,
        "projected_area_m2": 0.209,
        "tilt_deg": 88.391,
        "grid_azimuth_deg": 213.97,
        "true_azimuth_deg": 213.02,
        "aspect": "SSW",
        "centroid_e": 250860.958,
        "centroid_n": 2546655.433,
        "centroid_z": 81.624,
        "z_min": 80.985,
        "z_max": 85.191,
        "height_above_deck_m": 0.617,
        "n_faces": 1503
      }
    },
    {
      "type": "Feature",
      "geometry": {
        "type": "Polygon",
        "coordinates": [
          [
            [
              250857.75661552048,
              2546645.9381478587
            ],
            [
              250857.9066155205,
              2546645.9381478587
            ],
            [
              250858.0566155205,
              2546645.9381478587
            ],
            [
              250858.2066155205,
              2546645.9381478587
            ],
            [
              250858.3566155205,
              2546645.9381478587
            ],
            [
              250858.8066155205,
              2546645.6381478584
            ],
            [
              250858.6566155205,
              2546645.788147859
            ],
            [
              250859.25661552048,
              2546645.3381478586
            ],
            [
              250859.7066155205,
              2546645.038147859
            ],
            [
              250860.1566155205,
              2546644.7381478585
            ],
            [
              250859.1066155205,
              2546645.4881478585
            ],
            [
              250860.6066155205,
              2546644.4381478587
            ],
            [
              250861.0566155205,
              2546644.1381478584
            ],
            [
              250859.5566155205,
              2546645.1881478587
            ],
            [
              250860.00661552048,
              2546644.8881478584
            ],
            [
              250860.4566155205,
              2546644.5881478586
            ],
            [
              250860.9066155205,
              2546644.288147859
            ],
            [
              250861.3566155205,
              2546643.9881478585
            ],
            [
              250861.2066155205,
              2546644.1381478584
            ],
            [
              250860.75661552048,
              2546644.4381478587
            ],
            [
              250860.3066155205,
              2546644.7381478585
            ],
            [
              250859.8566155205,
              2546645.038147859
            ],
            [
              250861.50661552048,
              2546643.9881478585
            ],
            [
              250859.4066155205,
              2546645.3381478586
            ],
            [
              250861.0566155205,
              2546644.288147859
            ],
            [
              250860.6066155205,
              2546644.5881478586
            ],
            [
              250861.3566155205,
              2546644.1381478584
            ],
            [
              250860.1566155205,
              2546644.8881478584
            ],
            [
              250858.9566155205,
              2546645.6381478584
            ],
            [
              250860.9066155205,
              2546644.4381478587
            ],
            [
              250859.7066155205,
              2546645.1881478587
            ],
            [
              250860.4566155205,
              2546644.7381478585
            ],
            [
              250861.2066155205,
              2546644.288147859
            ],
            [
              250860.00661552048,
              2546645.038147859
            ],
            [
              250859.25661552048,
              2546645.4881478585
            ],
            [
              250859.5566155205,
              2546645.3381478586
            ],
            [
              250859.1066155205,
              2546645.6381478584
            ],
            [
              250858.8066155205,
              2546645.788147859
            ],
            [
              250858.50661552048,
              2546645.9381478587
            ],
            [
              250858.9566155205,
              2546645.788147859
            ],
            [
              250858.6566155205,
              2546645.9381478587
            ],
            [
              250858.50661552048,
              2546646.0881478586
            ],
            [
              250858.3566155205,
              2546646.0881478586
            ],
            [
              250858.2066155205,
              2546646.2381478585
            ],
            [
              250858.0566155205,
              2546646.3881478584
            ],
            [
              250857.6066155205,
              2546646.6881478587
            ],
            [
              250857.75661552048,
              2546646.538147859
            ],
            [
              250857.9066155205,
              2546646.3881478584
            ],
            [
              250857.1566155205,
              2546646.9881478585
            ],
            [
              250856.5566155205,
              2546647.4381478587
            ],
            [
              250857.3066155205,
              2546646.8381478586
            ],
            [
              250856.7066155205,
              2546647.288147859
            ],
            [
              250856.1066155205,
              2546647.7381478585
            ],
            [
              250856.25661552048,
              2546647.5881478586
            ],
            [
              250856.8566155205,
              2546647.1381478584
            ],
            [
              250857.4566155205,
              2546646.6881478587
            ],
            [
              250858.0566155205,
              2546646.2381478585
            ],
            [
              250855.8066155205,
              2546647.8881478584
            ],
            [
              250856.4066155205,
              2546647.4381478587
            ],
            [
              250857.00661552048,
              2546646.9881478585
            ],
            [
              250855.9566155205,
              2546647.7381478585
            ],
            [
              250856.5566155205,
              2546647.288147859
            ],
            [
              250856.1066155205,
              2546647.5881478586
            ],
            [
              250857.6066155205,
              2546646.538147859
            ],
            [
              250855.6566155205,
              2546647.8881478584
            ],
            [
              250857.1566155205,
              2546646.8381478586
            ],
            [
              250856.7066155205,
              2546647.1381478584
            ],
            [
              250856.25661552048,
              2546647.4381478587
            ],
            [
              250855.8066155205,
              2546647.7381478585
            ],
            [
              250856.4066155205,
              2546647.288147859
            ],
            [
              250856.8566155205,
              2546646.9881478585
            ],
            [
              250857.3066155205,
              2546646.6881478587
            ],
            [
              250857.75661552048,
              2546646.3881478584
            ],
            [
              250857.1566155205,
              2546646.6881478587
            ],
            [
              250858.2066155205,
              2546646.0881478586
            ],
            [
              250857.1566155205,
              2546646.538147859
            ],
            [
              250857.3066155205,
              2546646.3881478584
            ],
            [
              250857.1566155205,
              2546646.3881478584
            ],
            [
              250857.6066155205,
              2546646.2381478585
            ],
            [
              250857.4566155205,
              2546646.2381478585
            ],
            [
              250857.3066155205,
              2546646.2381478585
            ],
            [
              250857.75661552048,
              2546646.0881478586
            ],
            [
              250857.6066155205,
              2546646.0881478586
            ],
            [
              250857.75661552048,
              2546645.9381478587
            ]
          ]
        ]
      },
      "properties": {
        "plane_id": 6,
        "orientation": "vertical",
        "surface_area_m2": 7.001,
        "projected_area_m2": 0.261,
        "tilt_deg": 87.864,
        "grid_azimuth_deg": 33.87,
        "true_azimuth_deg": 32.91,
        "aspect": "NNE",
        "centroid_e": 250858.513,
        "centroid_n": 2546645.958,
        "centroid_z": 81.641,
        "z_min": 81.053,
        "z_max": 82.3,
        "height_above_deck_m": 0.633,
        "n_faces": 877
      }
    },
    {
      "type": "Feature",
      "geometry": {
        "type": "Polygon",
        "coordinates": [
          [
            [
              250861.56487689976,
              2546646.129604482
            ],
            [
              250861.7148768998,
              2546645.979604482
            ],
            [
              250862.4648768998,
              2546644.479604482
            ],
            [
              250862.4648768998,
              2546644.629604482
            ],
            [
              250862.4648768998,
              2546644.779604482
            ],
            [
              250862.4648768998,
              2546644.929604482
            ],
            [
              250862.61487689978,
              2546644.779604482
            ],
            [
              250862.4648768998,
              2546645.079604482
            ],
            [
              250862.76487689978,
              2546644.779604482
            ],
            [
              250862.4648768998,
              2546645.229604482
            ],
            [
              250862.91487689977,
              2546644.779604482
            ],
            [
              250863.06487689976,
              2546644.779604482
            ],
            [
              250862.4648768998,
              2546645.379604482
            ],
            [
              250862.16487689977,
              2546645.679604482
            ],
            [
              250862.01487689978,
              2546645.829604482
            ],
            [
              250861.86487689978,
              2546645.979604482
            ],
            [
              250863.2148768998,
              2546644.779604482
            ],
            [
              250861.7148768998,
              2546646.129604482
            ],
            [
              250863.36487689978,
              2546644.779604482
            ],
            [
              250862.4648768998,
              2546645.529604482
            ],
            [
              250863.06487689976,
              2546645.079604482
            ],
            [
              250863.66487689977,
              2546644.629604482
            ],
            [
              250862.31487689976,
              2546645.679604482
            ],
            [
              250862.91487689977,
              2546645.229604482
            ],
            [
              250863.51487689978,
              2546644.779604482
            ],
            [
              250863.36487689978,
              2546644.929604482
            ],
            [
              250862.76487689978,
              2546645.379604482
            ],
            [
              250863.2148768998,
              2546645.079604482
            ],
            [
              250862.16487689977,
              2546645.829604482
            ],
            [
              250863.66487689977,
              2546644.779604482
            ],
            [
              250863.06487689976,
              2546645.229604482
            ],
            [
              250863.51487689978,
              2546644.929604482
            ],
            [
              250863.36487689978,
              2546645.079604482
            ],
            [
              250862.91487689977,
              2546645.379604482
            ],
            [
              250862.4648768998,
              2546645.679604482
            ],
            [
              250862.01487689978,
              2546645.979604482
            ],
            [
              250862.76487689978,
              2546645.529604482
            ],
            [
              250862.61487689978,
              2546645.679604482
            ],
            [
              250862.76487689978,
              2546645.679604482
            ],
            [
              250862.4648768998,
              2546645.829604482
            ],
            [
              250862.4648768998,
              2546645.979604482
            ],
            [
              250862.4648768998,
              2546646.129604482
            ],
            [
              250862.4648768998,
              2546646.279604482
            ],
            [
              250862.31487689976,
              2546646.279604482
            ],
            [
              250862.16487689977,
              2546646.279604482
            ],
            [
              250862.01487689978,
              2546646.279604482
            ],
            [
              250862.01487689978,
              2546646.429604482
            ],
            [
              250862.01487689978,
              2546646.579604482
            ],
            [
              250862.01487689978,
              2546646.729604482
            ],
            [
              250861.86487689978,
              2546646.729604482
            ],
            [
              250861.86487689978,
              2546646.879604482
            ],
            [
              250861.7148768998,
              2546646.729604482
            ],
            [
              250861.56487689976,
              2546646.729604482
            ],
            [
              250861.41487689977,
              2546646.729604482
            ],
            [
              250861.56487689976,
              2546646.279604482
            ],
            [
              250861.26487689978,
              2546646.729604482
            ],
            [
              250860.51487689978,
              2546647.629604482
            ],
            [
              250860.51487689978,
              2546647.479604482
            ],
            [
              250860.36487689978,
              2546647.629604482
            ],
            [
              250861.11487689978,
              2546646.729604482
            ],
            [
              250860.51487689978,
              2546647.329604482
            ],
            [
              250860.2148768998,
              2546647.629604482
            ],
            [
              250860.06487689976,
              2546647.629604482
            ],
            [
              250860.51487689978,
              2546647.179604482
            ],
            [
              250859.91487689977,
              2546647.629604482
            ],
            [
              250860.9648768998,
              2546646.729604482
            ],
            [
              250859.76487689978,
              2546647.629604482
            ],
            [
              250860.51487689978,
              2546647.029604482
            ],
            [
              250859.4648768998,
              2546647.779604482
            ],
            [
              250861.11487689978,
              2546646.579604482
            ],
            [
              250859.61487689978,
              2546647.629604482
            ],
            [
              250860.66487689977,
              2546646.879604482
            ],
            [
              250860.2148768998,
              2546647.179604482
            ],
            [
              250859.31487689976,
              2546647.779604482
            ],
            [
              250859.4648768998,
              2546647.629604482
            ],
            [
              250859.91487689977,
              2546647.329604482
            ],
            [
              250860.36487689978,
              2546647.029604482
            ],
            [
              250859.16487689977,
              2546647.779604482
            ],
            [
              250860.81487689976,
              2546646.729604482
            ],
            [
              250860.06487689976,
              2546647.179604482
            ],
            [
              250859.76487689978,
              2546647.329604482
            ],
            [
              250860.51487689978,
              2546646.879604482
            ],
            [
              250861.26487689978,
              2546646.429604482
            ],
            [
              250859.4648768998,
              2546647.479604482
            ],
            [
              250860.2148768998,
              2546647.029604482
            ],
            [
              250859.91487689977,
              2546647.179604482
            ],
            [
              250859.61487689978,
              2546647.329604482
            ],
            [
              250860.9648768998,
              2546646.579604482
            ],
            [
              250860.66487689977,
              2546646.729604482
            ],
            [
              250860.36487689978,
              2546646.879604482
            ],
            [
              250859.4648768998,
              2546647.329604482
            ],
            [
              250860.81487689976,
              2546646.579604482
            ],
            [
              250861.11487689978,
              2546646.429604482
            ],
            [
              250861.41487689977,
              2546646.279604482
            ],
            [
              250861.26487689978,
              2546646.279604482
            ],
            [
              250861.56487689976,
              2546646.129604482
            ]
          ]
        ]
      },
      "properties": {
        "plane_id": 7,
        "orientation": "vertical",
        "surface_area_m2": 6.619,
        "projected_area_m2": 0.17,
        "tilt_deg": 88.531,
        "grid_azimuth_deg": 214.05,
        "true_azimuth_deg": 213.1,
        "aspect": "SSW",
        "centroid_e": 250860.961,
        "centroid_n": 2546646.641,
        "centroid_z": 83.318,
        "z_min": 81.12,
        "z_max": 85.598,
        "height_above_deck_m": 2.31,
        "n_faces": 1497
      }
    },
    {
      "type": "Feature",
      "geometry": {
        "type": "Polygon",
        "coordinates": [
          [
            [
              250861.02017626926,
              2546655.579685063
            ],
            [
              250861.17017626925,
              2546655.579685063
            ],
            [
              250861.32017626925,
              2546655.579685063
            ],
            [
              250861.62017626927,
              2546655.429685063
            ],
            [
              250862.22017626924,
              2546654.979685063
            ],
            [
              250863.42017626925,
              2546654.079685063
            ],
            [
              250862.67017626925,
              2546654.679685063
            ],
            [
              250862.07017626925,
              2546655.129685063
            ],
            [
              250863.12017626927,
              2546654.379685063
            ],
            [
              250863.57017626925,
              2546654.079685063
            ],
            [
              250862.52017626926,
              2546654.829685063
            ],
            [
              250864.02017626926,
              2546653.779685063
            ],
            [
              250862.97017626924,
              2546654.529685063
            ],
            [
              250863.42017626925,
              2546654.229685063
            ],
            [
              250863.87017626927,
              2546653.929685063
            ],
            [
              250864.17017626925,
              2546653.779685063
            ],
            [
              250863.72017626924,
              2546654.079685063
            ],
            [
              250863.27017626926,
              2546654.379685063
            ],
            [
              250862.82017626925,
              2546654.679685063
            ],
            [
              250862.37017626927,
              2546654.979685063
            ],
            [
              250861.92017626925,
              2546655.279685063
            ],
            [
              250864.02017626926,
              2546653.929685063
            ],
            [
              250861.47017626924,
              2546655.579685063
            ],
            [
              250863.57017626925,
              2546654.229685063
            ],
            [
              250863.12017626927,
              2546654.529685063
            ],
            [
              250862.67017626925,
              2546654.829685063
            ],
            [
              250863.87017626927,
              2546654.079685063
            ],
            [
              250863.42017626925,
              2546654.379685063
            ],
            [
              250864.17017626925,
              2546653.929685063
            ],
            [
              250862.22017626924,
              2546655.129685063
            ],
            [
              250862.97017626924,
              2546654.679685063
            ],
            [
              250863.27017626926,
              2546654.529685063
            ],
            [
              250862.52017626926,
              2546654.979685063
            ],
            [
              250862.82017626925,
              2546654.829685063
            ],
            [
              250861.77017626926,
              2546655.429685063
            ],
            [
              250862.07017626925,
              2546655.279685063
            ],
            [
              250862.37017626927,
              2546655.129685063
            ],
            [
              250862.67017626925,
              2546654.979685063
            ],
            [
              250862.22017626924,
              2546655.279685063
            ],
            [
              250861.92017626925,
              2546655.429685063
            ],
            [
              250861.62017626927,
              2546655.579685063
            ],
            [
              250861.77017626926,
              2546655.579685063
            ],
            [
              250861.47017626924,
              2546655.729685063
            ],
            [
              250861.32017626925,
              2546655.729685063
            ],
            [
              250861.32017626925,
              2546655.879685063
            ],
            [
              250861.17017626925,
              2546655.879685063
            ],
            [
              250861.02017626926,
              2546656.029685063
            ],
            [
              250860.12017626927,
              2546656.779685063
            ],
            [
              250860.27017626926,
              2546656.629685063
            ],
            [
              250860.42017626925,
              2546656.479685063
            ],
            [
              250860.57017626925,
              2546656.329685063
            ],
            [
              250860.72017626924,
              2546656.179685063
            ],
            [
              250859.82017626925,
              2546656.929685063
            ],
            [
              250859.97017626924,
              2546656.779685063
            ],
            [
              250859.22017626924,
              2546657.379685063
            ],
            [
              250860.87017626927,
              2546656.029685063
            ],
            [
              250860.12017626927,
              2546656.629685063
            ],
            [
              250859.52017626926,
              2546657.079685063
            ],
            [
              250860.27017626926,
              2546656.479685063
            ],
            [
              250859.67017626925,
              2546656.929685063
            ],
            [
              250859.07017626925,
              2546657.379685063
            ],
            [
              250859.22017626924,
              2546657.229685063
            ],
            [
              250859.82017626925,
              2546656.779685063
            ],
            [
              250860.42017626925,
              2546656.329685063
            ],
            [
              250859.37017626927,
              2546657.079685063
            ],
            [
              250858.92017626925,
              2546657.379685063
            ],
            [
              250859.52017626926,
              2546656.929685063
            ],
            [
              250859.07017626925,
              2546657.229685063
            ],
            [
              250858.62017626927,
              2546657.529685063
            ],
            [
              250861.02017626926,
              2546655.879685063
            ],
            [
              250860.57017626925,
              2546656.179685063
            ],
            [
              250859.22017626924,
              2546657.079685063
            ],
            [
              250858.77017626926,
              2546657.379685063
            ],
            [
              250858.92017626925,
              2546657.229685063
            ],
            [
              250860.27017626926,
              2546656.329685063
            ],
            [
              250859.22017626924,
              2546656.929685063
            ],
            [
              250860.72017626924,
              2546656.029685063
            ],
            [
              250860.12017626927,
              2546656.329685063
            ],
            [
              250859.22017626924,
              2546656.779685063
            ],
            [
              250859.97017626924,
              2546656.329685063
            ],
            [
              250859.22017626924,
              2546656.629685063
            ],
            [
              250859.82017626925,
              2546656.329685063
            ],
            [
              250859.67017626925,
              2546656.329685063
            ],
            [
              250859.22017626924,
              2546656.479685063
            ],
            [
              250859.52017626926,
              2546656.329685063
            ],
            [
              250859.37017626927,
              2546656.329685063
            ],
            [
              250859.22017626924,
              2546656.329685063
            ],
            [
              250861.02017626926,
              2546655.729685063
            ],
            [
              250861.02017626926,
              2546655.579685063
            ]
          ]
        ]
      },
      "properties": {
        "plane_id": 8,
        "orientation": "vertical",
        "surface_area_m2": 6.219,
        "projected_area_m2": 0.086,
        "tilt_deg": 89.207,
        "grid_azimuth_deg": 34.28,
        "true_azimuth_deg": 33.33,
        "aspect": "NNE",
        "centroid_e": 250861.636,
        "centroid_n": 2546655.583,
        "centroid_z": 81.613,
        "z_min": 81.059,
        "z_max": 83.555,
        "height_above_deck_m": 0.605,
        "n_faces": 1610
      }
    },
    {
      "type": "Feature",
      "geometry": {
        "type": "Polygon",
        "coordinates": [
          [
            [
              250856.46773392183,
              2546653.4258724772
            ],
            [
              250856.31773392184,
              2546653.2758724773
            ],
            [
              250855.86773392183,
              2546652.6758724772
            ],
            [
              250856.01773392182,
              2546652.825872477
            ],
            [
              250855.56773392184,
              2546652.2258724775
            ],
            [
              250856.16773392181,
              2546652.9758724775
            ],
            [
              250855.71773392183,
              2546652.3758724774
            ],
            [
              250855.26773392182,
              2546651.7758724773
            ],
            [
              250855.41773392181,
              2546651.9258724772
            ],
            [
              250855.86773392183,
              2546652.5258724773
            ],
            [
              250855.11773392183,
              2546651.4758724775
            ],
            [
              250854.81773392184,
              2546651.0258724773
            ],
            [
              250855.56773392184,
              2546652.075872477
            ],
            [
              250855.26773392182,
              2546651.6258724774
            ],
            [
              250854.96773392183,
              2546651.1758724772
            ],
            [
              250856.31773392184,
              2546653.1258724774
            ],
            [
              250856.01773392182,
              2546652.6758724772
            ],
            [
              250855.71773392183,
              2546652.2258724775
            ],
            [
              250855.41773392181,
              2546651.7758724773
            ],
            [
              250855.11773392183,
              2546651.325872477
            ],
            [
              250854.81773392184,
              2546650.8758724774
            ],
            [
              250854.96773392183,
              2546651.0258724773
            ],
            [
              250855.26773392182,
              2546651.4758724775
            ],
            [
              250855.56773392184,
              2546651.9258724772
            ],
            [
              250855.86773392183,
              2546652.3758724774
            ],
            [
              250855.11773392183,
              2546651.1758724772
            ],
            [
              250856.16773392181,
              2546652.825872477
            ],
            [
              250856.46773392183,
              2546653.2758724773
            ],
            [
              250856.31773392184,
              2546652.9758724775
            ],
            [
              250856.61773392183,
              2546653.4258724772
            ],
            [
              250856.91773392181,
              2546653.8758724774
            ],
            [
              250856.76773392182,
              2546653.7258724775
            ],
            [
              250857.36773392183,
              2546654.4758724775
            ],
            [
              250858.41773392181,
              2546655.825872477
            ],
            [
              250857.21773392183,
              2546654.325872477
            ],
            [
              250858.26773392182,
              2546655.6758724772
            ],
            [
              250857.66773392181,
              2546654.9258724772
            ],
            [
              250857.96773392183,
              2546655.3758724774
            ],
            [
              250857.51773392182,
              2546654.7758724773
            ],
            [
              250857.06773392184,
              2546654.1758724772
            ],
            [
              250858.26773392182,
              2546655.825872477
            ],
            [
              250857.81773392184,
              2546655.2258724775
            ],
            [
              250858.11773392183,
              2546655.6758724772
            ],
            [
              250857.36773392183,
              2546654.6258724774
            ],
            [
              250857.66773392181,
              2546655.075872477
            ],
            [
              250857.96773392183,
              2546655.5258724773
            ],
            [
              250858.11773392183,
              2546655.825872477
            ],
            [
              250857.81773392184,
              2546655.3758724774
            ],
            [
              250857.51773392182,
              2546654.9258724772
            ],
            [
              250857.21773392183,
              2546654.4758724775
            ],
            [
              250856.91773392181,
              2546654.0258724773
            ],
            [
              250857.96773392183,
              2546655.6758724772
            ],
            [
              250857.66773392181,
              2546655.2258724775
            ],
            [
              250857.36773392183,
              2546654.7758724773
            ],
            [
              250857.81773392184,
              2546655.5258724773
            ],
            [
              250857.51773392182,
              2546655.075872477
            ],
            [
              250857.06773392184,
              2546654.325872477
            ],
            [
              250857.21773392183,
              2546654.6258724774
            ],
            [
              250856.91773392181,
              2546654.1758724772
            ],
            [
              250856.76773392182,
              2546653.8758724774
            ],
            [
              250856.61773392183,
              2546653.575872477
            ],
            [
              250856.61773392183,
              2546653.7258724775
            ],
            [
              250856.46773392183,
              2546653.4258724772
            ]
          ]
        ]
      },
      "properties": {
        "plane_id": 9,
        "orientation": "vertical",
        "surface_area_m2": 5.467,
        "projected_area_m2": 0.172,
        "tilt_deg": 88.196,
        "grid_azimuth_deg": 124.16,
        "true_azimuth_deg": 123.21,
        "aspect": "ESE",
        "centroid_e": 250856.403,
        "centroid_n": 2546653.265,
        "centroid_z": 81.586,
        "z_min": 80.93,
        "z_max": 82.093,
        "height_above_deck_m": 0.579,
        "n_faces": 953
      }
    },
    {
      "type": "Feature",
      "geometry": {
        "type": "Polygon",
        "coordinates": [
          [
            [
              250862.30560778282,
              2546650.6202424867
            ],
            [
              250862.60560778284,
              2546650.6202424867
            ],
            [
              250862.30560778282,
              2546650.470242487
            ],
            [
              250862.30560778282,
              2546650.320242487
            ],
            [
              250862.45560778282,
              2546650.320242487
            ],
            [
              250862.60560778284,
              2546650.470242487
            ],
            [
              250862.60560778284,
              2546650.320242487
            ],
            [
              250862.75560778283,
              2546650.1702424865
            ],
            [
              250862.75560778283,
              2546650.320242487
            ],
            [
              250862.90560778283,
              2546650.1702424865
            ],
            [
              250863.05560778282,
              2546650.0202424866
            ],
            [
              250862.90560778283,
              2546650.320242487
            ],
            [
              250863.20560778282,
              2546649.8702424867
            ],
            [
              250863.05560778282,
              2546650.1702424865
            ],
            [
              250863.20560778282,
              2546650.0202424866
            ],
            [
              250863.35560778284,
              2546649.8702424867
            ],
            [
              250863.50560778283,
              2546649.720242487
            ],
            [
              250863.65560778283,
              2546649.570242487
            ],
            [
              250863.95560778282,
              2546649.4202424865
            ],
            [
              250863.80560778282,
              2546649.570242487
            ],
            [
              250863.65560778283,
              2546649.720242487
            ],
            [
              250863.50560778283,
              2546649.8702424867
            ],
            [
              250863.35560778284,
              2546650.0202424866
            ],
            [
              250863.20560778282,
              2546650.1702424865
            ],
            [
              250864.10560778284,
              2546649.4202424865
            ],
            [
              250863.95560778282,
              2546649.570242487
            ],
            [
              250862.60560778284,
              2546651.6702424865
            ],
            [
              250862.60560778284,
              2546651.5202424866
            ],
            [
              250862.60560778284,
              2546651.3702424867
            ],
            [
              250862.60560778284,
              2546651.220242487
            ],
            [
              250862.60560778284,
              2546651.070242487
            ],
            [
              250862.45560778282,
              2546651.6702424865
            ],
            [
              250862.30560778282,
              2546651.820242487
            ],
            [
              250862.60560778284,
              2546650.9202424865
            ],
            [
              250862.30560778282,
              2546651.6702424865
            ],
            [
              250862.15560778283,
              2546651.820242487
            ],
            [
              250862.15560778283,
              2546651.6702424865
            ],
            [
              250862.15560778283,
              2546651.5202424866
            ],
            [
              250862.60560778284,
              2546650.7702424866
            ],
            [
              250862.15560778283,
              2546651.3702424867
            ],
            [
              250862.15560778283,
              2546651.220242487
            ],
            [
              250862.15560778283,
              2546651.070242487
            ],
            [
              250862.30560778282,
              2546650.9202424865
            ],
            [
              250862.00560778283,
              2546651.070242487
            ],
            [
              250862.15560778283,
              2546650.9202424865
            ],
            [
              250861.85560778284,
              2546651.070242487
            ],
            [
              250861.70560778282,
              2546651.070242487
            ],
            [
              250862.00560778283,
              2546650.9202424865
            ],
            [
              250862.30560778282,
              2546650.7702424866
            ],
            [
              250861.85560778284,
              2546650.9202424865
            ],
            [
              250862.30560778282,
              2546650.6202424867
            ]
          ]
        ]
      },
      "properties": {
        "plane_id": 10,
        "orientation": "vertical",
        "surface_area_m2": 5.076,
        "projected_area_m2": 0.024,
        "tilt_deg": 89.731,
        "grid_azimuth_deg": 31.82,
        "true_azimuth_deg": 30.87,
        "aspect": "NNE",
        "centroid_e": 250863.11,
        "centroid_n": 2546650.052,
        "centroid_z": 84.363,
        "z_min": 81.283,
        "z_max": 85.99,
        "height_above_deck_m": 3.356,
        "n_faces": 897
      }
    },
    {
      "type": "Feature",
      "geometry": {
        "type": "Polygon",
        "coordinates": [
          [
            [
              250861.6738597811,
              2546649.625479759
            ],
            [
              250861.97385978108,
              2546649.625479759
            ],
            [
              250861.6738597811,
              2546649.4754797593
            ],
            [
              250861.82385978109,
              2546649.4754797593
            ],
            [
              250861.97385978108,
              2546649.4754797593
            ],
            [
              250861.82385978109,
              2546647.675479759
            ],
            [
              250862.72385978108,
              2546649.025479759
            ],
            [
              250861.82385978109,
              2546647.525479759
            ],
            [
              250861.97385978108,
              2546647.675479759
            ],
            [
              250861.97385978108,
              2546647.525479759
            ],
            [
              250862.72385978108,
              2546648.875479759
            ],
            [
              250862.12385978107,
              2546647.675479759
            ],
            [
              250861.97385978108,
              2546647.375479759
            ],
            [
              250861.97385978108,
              2546647.2254797593
            ],
            [
              250862.72385978108,
              2546648.7254797593
            ],
            [
              250862.87385978107,
              2546649.025479759
            ],
            [
              250862.27385978107,
              2546647.675479759
            ],
            [
              250862.12385978107,
              2546647.2254797593
            ],
            [
              250862.72385978108,
              2546648.5754797594
            ],
            [
              250862.12385978107,
              2546647.0754797594
            ],
            [
              250862.12385978107,
              2546646.925479759
            ],
            [
              250862.4238597811,
              2546647.675479759
            ],
            [
              250862.72385978108,
              2546648.425479759
            ],
            [
              250862.27385978107,
              2546647.0754797594
            ],
            [
              250862.57385978109,
              2546647.8254797594
            ],
            [
              250862.72385978108,
              2546648.275479759
            ],
            [
              250862.57385978109,
              2546647.675479759
            ],
            [
              250862.72385978108,
              2546648.125479759
            ],
            [
              250862.4238597811,
              2546647.0754797594
            ],
            [
              250863.1738597811,
              2546649.625479759
            ],
            [
              250862.72385978108,
              2546647.9754797593
            ],
            [
              250863.02385978107,
              2546649.025479759
            ],
            [
              250862.72385978108,
              2546647.8254797594
            ],
            [
              250862.57385978109,
              2546647.0754797594
            ],
            [
              250862.72385978108,
              2546647.675479759
            ],
            [
              250862.87385978107,
              2546648.275479759
            ],
            [
              250862.72385978108,
              2546647.525479759
            ],
            [
              250862.87385978107,
              2546648.125479759
            ],
            [
              250862.72385978108,
              2546647.375479759
            ],
            [
              250862.72385978108,
              2546647.2254797593
            ],
            [
              250862.72385978108,
              2546647.0754797594
            ],
            [
              250863.1738597811,
              2546649.4754797593
            ],
            [
              250863.02385978107,
              2546648.275479759
            ],
            [
              250863.1738597811,
              2546649.3254797594
            ],
            [
              250863.1738597811,
              2546649.175479759
            ],
            [
              250863.1738597811,
              2546649.025479759
            ],
            [
              250863.1738597811,
              2546648.425479759
            ],
            [
              250863.1738597811,
              2546648.275479759
            ],
            [
              250863.32385978109,
              2546648.425479759
            ],
            [
              250863.47385978108,
              2546648.425479759
            ],
            [
              250863.62385978107,
              2546648.425479759
            ],
            [
              250863.77385978107,
              2546648.425479759
            ],
            [
              250863.77385978107,
              2546648.5754797594
            ],
            [
              250863.77385978107,
              2546648.7254797593
            ],
            [
              250863.77385978107,
              2546648.875479759
            ],
            [
              250863.77385978107,
              2546649.025479759
            ],
            [
              250863.77385978107,
              2546649.175479759
            ],
            [
              250863.77385978107,
              2546649.3254797594
            ],
            [
              250863.77385978107,
              2546649.4754797593
            ],
            [
              250863.77385978107,
              2546649.625479759
            ],
            [
              250863.9238597811,
              2546649.625479759
            ],
            [
              250864.07385978109,
              2546649.625479759
            ],
            [
              250864.37385978107,
              2546649.775479759
            ],
            [
              250864.22385978108,
              2546649.775479759
            ],
            [
              250864.07385978109,
              2546649.775479759
            ],
            [
              250864.37385978107,
              2546649.925479759
            ],
            [
              250864.52385978107,
              2546650.0754797594
            ],
            [
              250864.37385978107,
              2546650.0754797594
            ],
            [
              250864.6738597811,
              2546650.2254797593
            ],
            [
              250864.52385978107,
              2546650.2254797593
            ],
            [
              250864.6738597811,
              2546650.375479759
            ],
            [
              250864.82385978109,
              2546650.525479759
            ],
            [
              250864.97385978108,
              2546650.675479759
            ],
            [
              250864.6738597811,
              2546650.525479759
            ],
            [
              250865.12385978107,
              2546650.8254797594
            ],
            [
              250864.82385978109,
              2546650.675479759
            ],
            [
              250864.97385978108,
              2546650.8254797594
            ],
            [
              250865.12385978107,
              2546650.9754797593
            ],
            [
              250865.27385978107,
              2546651.125479759
            ],
            [
              250865.12385978107,
              2546651.125479759
            ],
            [
              250865.27385978107,
              2546651.275479759
            ],
            [
              250865.12385978107,
              2546651.275479759
            ],
            [
              250865.12385978107,
              2546651.425479759
            ],
            [
              250864.97385978108,
              2546651.425479759
            ],
            [
              250864.82385978109,
              2546651.425479759
            ],
            [
              250864.82385978109,
              2546651.5754797594
            ],
            [
              250864.6738597811,
              2546651.5754797594
            ],
            [
              250864.52385978107,
              2546651.5754797594
            ],
            [
              250864.52385978107,
              2546651.7254797593
            ],
            [
              250864.37385978107,
              2546651.7254797593
            ],
            [
              250864.37385978107,
              2546651.875479759
            ],
            [
              250864.22385978108,
              2546651.875479759
            ],
            [
              250864.07385978109,
              2546651.875479759
            ],
            [
              250863.9238597811,
              2546651.875479759
            ],
            [
              250863.9238597811,
              2546652.025479759
            ],
            [
              250863.77385978107,
              2546652.025479759
            ],
            [
              250863.62385978107,
              2546652.025479759
            ],
            [
              250863.62385978107,
              2546652.175479759
            ],
            [
              250863.47385978108,
              2546652.175479759
            ],
            [
              250863.32385978109,
              2546652.025479759
            ],
            [
              250863.32385978109,
              2546652.175479759
            ],
            [
              250863.1738597811,
              2546652.025479759
            ],
            [
              250863.1738597811,
              2546651.875479759
            ],
            [
              250863.1738597811,
              2546650.2254797593
            ],
            [
              250863.02385978107,
              2546651.875479759
            ],
            [
              250863.02385978107,
              2546651.7254797593
            ],
            [
              250863.1738597811,
              2546650.0754797594
            ],
            [
              250862.87385978107,
              2546651.7254797593
            ],
            [
              250863.1738597811,
              2546649.925479759
            ],
            [
              250862.72385978108,
              2546651.7254797593
            ],
            [
              250862.72385978108,
              2546651.5754797594
            ],
            [
              250862.57385978109,
              2546651.5754797594
            ],
            [
              250862.57385978109,
              2546651.425479759
            ],
            [
              250863.02385978107,
              2546650.2254797593
            ],
            [
              250862.57385978109,
              2546651.275479759
            ],
            [
              250862.57385978109,
              2546651.125479759
            ],
            [
              250862.57385978109,
              2546650.9754797593
            ],
            [
              250862.57385978109,
              2546650.8254797594
            ],
            [
              250862.87385978107,
              2546650.2254797593
            ],
            [
              250862.4238597811,
              2546650.8254797594
            ],
            [
              250862.27385978107,
              2546650.8254797594
            ],
            [
              250862.27385978107,
              2546650.675479759
            ],
            [
              250862.72385978108,
              2546650.2254797593
            ],
            [
              250862.27385978107,
              2546650.525479759
            ],
            [
              250862.57385978109,
              2546650.2254797593
            ],
            [
              250862.27385978107,
              2546650.375479759
            ],
            [
              250862.4238597811,
              2546650.2254797593
            ],
            [
              250862.27385978107,
              2546650.2254797593
            ],
            [
              250863.1738597811,
              2546649.775479759
            ],
            [
              250862.12385978107,
              2546650.2254797593
            ],
            [
              250861.97385978108,
              2546650.2254797593
            ],
            [
              250861.97385978108,
              2546650.0754797594
            ],
            [
              250861.97385978108,
              2546649.925479759
            ],
            [
              250861.82385978109,
              2546649.925479759
            ],
            [
              250861.97385978108,
              2546649.775479759
            ],
            [
              250861.82385978109,
              2546649.775479759
            ],
            [
              250861.6738597811,
              2546649.775479759
            ],
            [
              250861.6738597811,
              2546649.625479759
            ]
          ]
        ]
      },
      "properties": {
        "plane_id": 11,
        "orientation": "horizontal",
        "surface_area_m2": 4.767,
        "projected_area_m2": 4.766,
        "tilt_deg": 1.342,
        "grid_azimuth_deg": null,
        "true_azimuth_deg": null,
        "aspect": "flat",
        "centroid_e": 250863.517,
        "centroid_n": 2546650.329,
        "centroid_z": 85.736,
        "z_min": 84.897,
        "z_max": 85.99,
        "height_above_deck_m": 4.729,
        "n_faces": 1137
      }
    },
    {
      "type": "Feature",
      "geometry": {
        "type": "Polygon",
        "coordinates": [
          [
            [
              250856.40282844217,
              2546654.3770620977
            ],
            [
              250856.40282844217,
              2546654.2270620978
            ],
            [
              250856.40282844217,
              2546654.077062098
            ],
            [
              250856.40282844217,
              2546653.927062098
            ],
            [
              250856.25282844214,
              2546653.7770620976
            ],
            [
              250854.15282844217,
              2546651.3770620977
            ],
            [
              250854.30282844216,
              2546651.5270620976
            ],
            [
              250856.25282844214,
              2546653.6270620977
            ],
            [
              250856.40282844217,
              2546653.7770620976
            ],
            [
              250854.15282844217,
              2546651.2270620978
            ],
            [
              250855.35282844215,
              2546652.577062098
            ],
            [
              250854.30282844216,
              2546651.3770620977
            ],
            [
              250854.45282844215,
              2546651.5270620976
            ],
            [
              250855.50282844214,
              2546652.7270620978
            ],
            [
              250854.15282844217,
              2546651.077062098
            ],
            [
              250854.60282844215,
              2546651.5270620976
            ],
            [
              250855.35282844215,
              2546652.427062098
            ],
            [
              250854.75282844214,
              2546651.677062098
            ],
            [
              250856.70282844215,
              2546654.077062098
            ],
            [
              250856.10282844215,
              2546653.327062098
            ],
            [
              250855.50282844214,
              2546652.577062098
            ],
            [
              250854.30282844216,
              2546651.077062098
            ],
            [
              250855.65282844217,
              2546652.7270620978
            ],
            [
              250856.25282844214,
              2546653.4770620978
            ],
            [
              250854.75282844214,
              2546651.5270620976
            ],
            [
              250855.80282844216,
              2546652.8770620977
            ],
            [
              250855.35282844215,
              2546652.2770620976
            ],
            [
              250854.90282844217,
              2546651.677062098
            ],
            [
              250854.45282844215,
              2546651.077062098
            ],
            [
              250855.05282844216,
              2546651.827062098
            ],
            [
              250855.95282844215,
              2546653.0270620976
            ],
            [
              250855.20282844215,
              2546651.9770620978
            ],
            [
              250856.40282844217,
              2546653.6270620977
            ],
            [
              250854.45282844215,
              2546650.927062098
            ],
            [
              250855.35282844215,
              2546652.1270620977
            ],
            [
              250856.10282844215,
              2546653.177062098
            ],
            [
              250855.05282844216,
              2546651.677062098
            ],
            [
              250855.80282844216,
              2546652.7270620978
            ],
            [
              250855.50282844214,
              2546652.2770620976
            ],
            [
              250855.20282844215,
              2546651.827062098
            ],
            [
              250854.60282844215,
              2546650.927062098
            ],
            [
              250854.75282844214,
              2546651.077062098
            ],
            [
              250855.05282844216,
              2546651.5270620976
            ],
            [
              250855.35282844215,
              2546651.9770620978
            ],
            [
              250855.65282844217,
              2546652.427062098
            ],
            [
              250855.95282844215,
              2546652.8770620977
            ],
            [
              250856.25282844214,
              2546653.327062098
            ],
            [
              250856.55282844216,
              2546653.7770620976
            ],
            [
              250854.90282844217,
              2546651.2270620978
            ],
            [
              250855.20282844215,
              2546651.677062098
            ],
            [
              250855.50282844214,
              2546652.1270620977
            ],
            [
              250854.75282844214,
              2546650.927062098
            ],
            [
              250855.80282844216,
              2546652.577062098
            ],
            [
              250855.05282844216,
              2546651.3770620977
            ],
            [
              250855.35282844215,
              2546651.827062098
            ],
            [
              250856.10282844215,
              2546653.0270620976
            ],
            [
              250856.85282844215,
              2546654.2270620978
            ],
            [
              250854.90282844217,
              2546651.077062098
            ],
            [
              250855.65282844217,
              2546652.2770620976
            ],
            [
              250855.20282844215,
              2546651.5270620976
            ],
            [
              250856.40282844217,
              2546653.4770620978
            ],
            [
              250855.95282844215,
              2546652.7270620978
            ],
            [
              250855.50282844214,
              2546651.9770620978
            ],
            [
              250855.05282844216,
              2546651.2270620978
            ],
            [
              250855.35282844215,
              2546651.677062098
            ],
            [
              250855.80282844216,
              2546652.427062098
            ],
            [
              250856.25282844214,
              2546653.177062098
            ],
            [
              250856.10282844215,
              2546652.8770620977
            ],
            [
              250855.95282844215,
              2546652.577062098
            ],
            [
              250856.70282844215,
              2546653.927062098
            ],
            [
              250856.55282844216,
              2546653.6270620977
            ],
            [
              250856.40282844217,
              2546653.327062098
            ],
            [
              250856.70282844215,
              2546653.7770620976
            ],
            [
              250856.85282844215,
              2546654.077062098
            ],
            [
              250857.00282844214,
              2546654.2270620978
            ],
            [
              250857.00282844214,
              2546654.3770620977
            ],
            [
              250857.15282844217,
              2546654.3770620977
            ],
            [
              250857.90282844217,
              2546654.5270620976
            ],
            [
              250857.75282844214,
              2546654.5270620976
            ],
            [
              250857.60282844215,
              2546654.5270620976
            ],
            [
              250858.05282844216,
              2546654.677062098
            ],
            [
              250857.45282844215,
              2546654.5270620976
            ],
            [
              250857.90282844217,
              2546654.677062098
            ],
            [
              250858.20282844215,
              2546654.827062098
            ],
            [
              250858.05282844216,
              2546654.827062098
            ],
            [
              250857.30282844216,
              2546654.5270620976
            ],
            [
              250858.20282844215,
              2546654.9770620978
            ],
            [
              250858.80282844216,
              2546655.427062098
            ],
            [
              250858.20282844215,
              2546655.1270620977
            ],
            [
              250858.95282844215,
              2546655.577062098
            ],
            [
              250858.65282844217,
              2546655.427062098
            ],
            [
              250858.80282844216,
              2546655.577062098
            ],
            [
              250858.95282844215,
              2546655.7270620978
            ],
            [
              250858.50282844214,
              2546655.427062098
            ],
            [
              250860.00282844214,
              2546656.4770620978
            ],
            [
              250859.10282844215,
              2546655.8770620977
            ],
            [
              250857.15282844217,
              2546654.5270620976
            ],
            [
              250858.20282844215,
              2546655.2770620976
            ],
            [
              250859.25282844214,
              2546656.0270620976
            ],
            [
              250859.85282844215,
              2546656.4770620978
            ],
            [
              250860.00282844214,
              2546656.6270620977
            ],
            [
              250858.35282844215,
              2546655.427062098
            ],
            [
              250858.95282844215,
              2546655.8770620977
            ],
            [
              250859.70282844215,
              2546656.4770620978
            ],
            [
              250859.10282844215,
              2546656.0270620976
            ],
            [
              250859.85282844215,
              2546656.6270620977
            ],
            [
              250859.25282844214,
              2546656.177062098
            ],
            [
              250859.55282844216,
              2546656.4770620978
            ],
            [
              250859.70282844215,
              2546656.6270620977
            ],
            [
              250858.20282844215,
              2546655.427062098
            ],
            [
              250859.25282844214,
              2546656.327062098
            ],
            [
              250859.40282844217,
              2546656.4770620978
            ],
            [
              250859.70282844215,
              2546656.7770620976
            ],
            [
              250859.25282844214,
              2546656.4770620978
            ],
            [
              250859.55282844216,
              2546656.7770620976
            ],
            [
              250859.40282844217,
              2546656.7770620976
            ],
            [
              250859.25282844214,
              2546656.7770620976
            ],
            [
              250859.25282844214,
              2546656.927062098
            ],
            [
              250859.25282844214,
              2546657.077062098
            ],
            [
              250859.25282844214,
              2546657.2270620978
            ],
            [
              250859.10282844215,
              2546657.2270620978
            ],
            [
              250859.10282844215,
              2546657.3770620977
            ],
            [
              250858.95282844215,
              2546657.3770620977
            ],
            [
              250858.95282844215,
              2546657.5270620976
            ],
            [
              250858.80282844216,
              2546657.5270620976
            ],
            [
              250858.65282844217,
              2546657.5270620976
            ],
            [
              250858.50282844214,
              2546657.5270620976
            ],
            [
              250858.35282844215,
              2546657.5270620976
            ],
            [
              250858.20282844215,
              2546657.5270620976
            ],
            [
              250858.05282844216,
              2546657.5270620976
            ],
            [
              250857.30282844216,
              2546655.427062098
            ],
            [
              250857.90282844217,
              2546657.3770620977
            ],
            [
              250857.75282844214,
              2546656.927062098
            ],
            [
              250857.90282844217,
              2546657.5270620976
            ],
            [
              250857.75282844214,
              2546657.077062098
            ],
            [
              250857.30282844216,
              2546655.577062098
            ],
            [
              250857.60282844215,
              2546656.6270620977
            ],
            [
              250857.75282844214,
              2546657.2270620978
            ],
            [
              250857.60282844215,
              2546656.7770620976
            ],
            [
              250857.75282844214,
              2546657.3770620977
            ],
            [
              250857.30282844216,
              2546655.7270620978
            ],
            [
              250857.60282844215,
              2546656.927062098
            ],
            [
              250857.45282844215,
              2546656.4770620978
            ],
            [
              250857.30282844216,
              2546655.8770620977
            ],
            [
              250857.45282844215,
              2546656.6270620977
            ],
            [
              250857.30282844216,
              2546656.0270620976
            ],
            [
              250857.30282844216,
              2546656.177062098
            ],
            [
              250857.15282844217,
              2546655.427062098
            ],
            [
              250857.30282844216,
              2546656.327062098
            ],
            [
              250857.30282844216,
              2546656.4770620978
            ],
            [
              250857.00282844214,
              2546655.427062098
            ],
            [
              250856.85282844215,
              2546655.427062098
            ],
            [
              250856.70282844215,
              2546655.427062098
            ],
            [
              250856.55282844216,
              2546655.427062098
            ],
            [
              250856.40282844217,
              2546655.427062098
            ],
            [
              250856.40282844217,
              2546655.2770620976
            ],
            [
              250856.40282844217,
              2546655.1270620977
            ],
            [
              250856.25282844214,
              2546655.2770620976
            ],
            [
              250856.40282844217,
              2546654.9770620978
            ],
            [
              250856.40282844217,
              2546654.827062098
            ],
            [
              250856.40282844217,
              2546654.677062098
            ],
            [
              250856.40282844217,
              2546654.5270620976
            ],
            [
              250856.40282844217,
              2546654.3770620977
            ]
          ]
        ]
      },
      "properties": {
        "plane_id": 12,
        "orientation": "horizontal",
        "surface_area_m2": 4.48,
        "projected_area_m2": 4.479,
        "tilt_deg": 0.611,
        "grid_azimuth_deg": null,
        "true_azimuth_deg": null,
        "aspect": "flat",
        "centroid_e": 250857.353,
        "centroid_n": 2546654.001,
        "centroid_z": 82.088,
        "z_min": 81.719,
        "z_max": 82.334,
        "height_above_deck_m": 1.081,
        "n_faces": 1492
      }
    },
    {
      "type": "Feature",
      "geometry": {
        "type": "Polygon",
        "coordinates": [
          [
            [
              250855.65282844217,
              2546647.4770620978
            ],
            [
              250855.80282844216,
              2546647.4770620978
            ],
            [
              250855.95282844215,
              2546647.4770620978
            ],
            [
              250856.25282844214,
              2546647.327062098
            ],
            [
              250856.55282844216,
              2546647.177062098
            ],
            [
              250856.10282844215,
              2546647.4770620978
            ],
            [
              250856.40282844217,
              2546647.327062098
            ],
            [
              250856.70282844215,
              2546647.177062098
            ],
            [
              250856.55282844216,
              2546647.327062098
            ],
            [
              250856.25282844214,
              2546647.4770620978
            ],
            [
              250856.10282844215,
              2546647.6270620977
            ],
            [
              250855.95282844215,
              2546647.6270620977
            ],
            [
              250855.95282844215,
              2546647.7770620976
            ],
            [
              250855.80282844216,
              2546647.7770620976
            ],
            [
              250855.65282844217,
              2546647.927062098
            ],
            [
              250855.50282844214,
              2546647.927062098
            ],
            [
              250855.65282844217,
              2546647.7770620976
            ],
            [
              250855.50282844214,
              2546647.7770620976
            ],
            [
              250855.35282844215,
              2546647.7770620976
            ],
            [
              250855.65282844217,
              2546647.6270620977
            ],
            [
              250855.50282844214,
              2546647.6270620977
            ],
            [
              250855.35282844215,
              2546647.6270620977
            ],
            [
              250855.65282844217,
              2546647.4770620978
            ]
          ]
        ]
      },
      "properties": {
        "plane_id": 12,
        "orientation": "horizontal",
        "surface_area_m2": 4.48,
        "projected_area_m2": 4.479,
        "tilt_deg": 0.611,
        "grid_azimuth_deg": null,
        "true_azimuth_deg": null,
        "aspect": "flat",
        "centroid_e": 250857.353,
        "centroid_n": 2546654.001,
        "centroid_z": 82.088,
        "z_min": 81.719,
        "z_max": 82.334,
        "height_above_deck_m": 1.081,
        "n_faces": 1492
      }
    },
    {
      "type": "Feature",
      "geometry": {
        "type": "Polygon",
        "coordinates": [
          [
            [
              250864.60863447387,
              2546654.041180072
            ],
            [
              250864.45863447388,
              2546653.891180072
            ],
            [
              250864.1586344739,
              2546653.4411800723
            ],
            [
              250864.30863447388,
              2546653.591180072
            ],
            [
              250863.85863447387,
              2546652.991180072
            ],
            [
              250864.45863447388,
              2546653.741180072
            ],
            [
              250864.0086344739,
              2546653.141180072
            ],
            [
              250863.55863447388,
              2546652.541180072
            ],
            [
              250863.70863447388,
              2546652.6911800723
            ],
            [
              250864.1586344739,
              2546653.291180072
            ],
            [
              250863.85863447387,
              2546652.841180072
            ],
            [
              250864.60863447387,
              2546653.891180072
            ],
            [
              250864.30863447388,
              2546653.4411800723
            ],
            [
              250864.0086344739,
              2546652.991180072
            ],
            [
              250863.70863447388,
              2546652.541180072
            ],
            [
              250863.85863447387,
              2546652.6911800723
            ],
            [
              250864.1586344739,
              2546653.141180072
            ],
            [
              250863.70863447388,
              2546652.391180072
            ],
            [
              250864.0086344739,
              2546652.841180072
            ],
            [
              250864.45863447388,
              2546653.591180072
            ],
            [
              250863.85863447387,
              2546652.541180072
            ],
            [
              250864.30863447388,
              2546653.291180072
            ],
            [
              250864.1586344739,
              2546652.991180072
            ],
            [
              250864.0086344739,
              2546652.6911800723
            ],
            [
              250863.85863447387,
              2546652.391180072
            ],
            [
              250864.1586344739,
              2546652.841180072
            ],
            [
              250864.30863447388,
              2546653.141180072
            ],
            [
              250864.45863447388,
              2546653.4411800723
            ],
            [
              250864.60863447387,
              2546653.741180072
            ],
            [
              250864.45863447388,
              2546653.291180072
            ],
            [
              250864.60863447387,
              2546653.591180072
            ],
            [
              250864.7586344739,
              2546654.041180072
            ],
            [
              250864.7586344739,
              2546653.891180072
            ],
            [
              250864.7586344739,
              2546653.741180072
            ],
            [
              250864.9086344739,
              2546654.041180072
            ],
            [
              250865.05863447388,
              2546654.1911800723
            ],
            [
              250864.9086344739,
              2546654.1911800723
            ],
            [
              250865.20863447388,
              2546654.341180072
            ],
            [
              250865.05863447388,
              2546654.341180072
            ],
            [
              250865.20863447388,
              2546654.491180072
            ],
            [
              250865.35863447387,
              2546654.641180072
            ],
            [
              250865.80863447388,
              2546655.241180072
            ],
            [
              250865.6586344739,
              2546655.091180072
            ],
            [
              250865.5086344739,
              2546654.9411800723
            ],
            [
              250865.35863447387,
              2546654.791180072
            ],
            [
              250865.20863447388,
              2546654.641180072
            ],
            [
              250865.80863447388,
              2546655.391180072
            ],
            [
              250865.05863447388,
              2546654.491180072
            ],
            [
              250865.6586344739,
              2546655.241180072
            ],
            [
              250865.5086344739,
              2546655.091180072
            ],
            [
              250865.35863447387,
              2546654.9411800723
            ],
            [
              250865.6586344739,
              2546655.391180072
            ],
            [
              250865.20863447388,
              2546654.791180072
            ],
            [
              250864.9086344739,
              2546654.341180072
            ],
            [
              250865.6586344739,
              2546655.541180072
            ],
            [
              250865.35863447387,
              2546655.091180072
            ],
            [
              250865.05863447388,
              2546654.641180072
            ],
            [
              250865.20863447388,
              2546654.9411800723
            ],
            [
              250865.35863447387,
              2546655.241180072
            ],
            [
              250865.5086344739,
              2546655.541180072
            ],
            [
              250865.5086344739,
              2546655.6911800723
            ],
            [
              250865.35863447387,
              2546655.391180072
            ],
            [
              250865.05863447388,
              2546654.791180072
            ],
            [
              250865.5086344739,
              2546655.841180072
            ],
            [
              250865.35863447387,
              2546655.541180072
            ],
            [
              250865.5086344739,
              2546655.991180072
            ],
            [
              250865.35863447387,
              2546655.6911800723
            ],
            [
              250864.9086344739,
              2546654.491180072
            ],
            [
              250865.35863447387,
              2546655.841180072
            ],
            [
              250865.35863447387,
              2546655.991180072
            ],
            [
              250864.7586344739,
              2546654.341180072
            ],
            [
              250864.7586344739,
              2546654.1911800723
            ],
            [
              250864.60863447387,
              2546654.041180072
            ]
          ]
        ]
      },
      "properties": {
        "plane_id": 13,
        "orientation": "vertical",
        "surface_area_m2": 4.464,
        "projected_area_m2": 0.146,
        "tilt_deg": 88.125,
        "grid_azimuth_deg": 124.67,
        "true_azimuth_deg": 123.72,
        "aspect": "ESE",
        "centroid_e": 250864.201,
        "centroid_n": 2546653.197,
        "centroid_z": 84.356,
        "z_min": 81.109,
        "z_max": 85.96,
        "height_above_deck_m": 3.349,
        "n_faces": 1141
      }
    },
    {
      "type": "Feature",
      "geometry": {
        "type": "Polygon",
        "coordinates": [
          [
            [
              250860.51614753372,
              2546648.8608317445
            ],
            [
              250860.8161475337,
              2546648.8608317445
            ],
            [
              250860.51614753372,
              2546648.7108317446
            ],
            [
              250860.8161475337,
              2546648.7108317446
            ],
            [
              250860.51614753372,
              2546648.5608317447
            ],
            [
              250860.66614753372,
              2546648.5608317447
            ],
            [
              250860.8161475337,
              2546648.5608317447
            ],
            [
              250863.8161475337,
              2546647.9608317446
            ],
            [
              250864.11614753373,
              2546647.8108317447
            ],
            [
              250863.36614753373,
              2546648.260831745
            ],
            [
              250863.66614753372,
              2546648.1108317445
            ],
            [
              250863.96614753373,
              2546647.9608317446
            ],
            [
              250864.11614753373,
              2546647.9608317446
            ],
            [
              250863.8161475337,
              2546648.1108317445
            ],
            [
              250863.51614753372,
              2546648.260831745
            ],
            [
              250863.21614753373,
              2546648.410831745
            ],
            [
              250863.96614753373,
              2546648.1108317445
            ],
            [
              250862.91614753372,
              2546648.5608317447
            ],
            [
              250863.66614753372,
              2546648.260831745
            ],
            [
              250863.36614753373,
              2546648.410831745
            ],
            [
              250863.8161475337,
              2546648.260831745
            ],
            [
              250863.0661475337,
              2546648.5608317447
            ],
            [
              250863.21614753373,
              2546648.5608317447
            ],
            [
              250862.76614753372,
              2546648.7108317446
            ],
            [
              250863.8161475337,
              2546648.410831745
            ],
            [
              250863.36614753373,
              2546648.5608317447
            ],
            [
              250862.91614753372,
              2546648.7108317446
            ],
            [
              250863.51614753372,
              2546648.5608317447
            ],
            [
              250863.66614753372,
              2546648.5608317447
            ],
            [
              250863.8161475337,
              2546648.5608317447
            ],
            [
              250862.61614753373,
              2546648.8608317445
            ],
            [
              250862.76614753372,
              2546648.8608317445
            ],
            [
              250862.46614753373,
              2546649.010831745
            ],
            [
              250862.3161475337,
              2546649.010831745
            ],
            [
              250862.3161475337,
              2546649.160831745
            ],
            [
              250862.16614753372,
              2546649.160831745
            ],
            [
              250862.16614753372,
              2546649.3108317447
            ],
            [
              250862.01614753372,
              2546649.3108317447
            ],
            [
              250861.86614753373,
              2546649.4608317446
            ],
            [
              250861.86614753373,
              2546649.3108317447
            ],
            [
              250861.71614753373,
              2546649.4608317446
            ],
            [
              250861.5661475337,
              2546649.6108317445
            ],
            [
              250861.71614753373,
              2546649.3108317447
            ],
            [
              250861.5661475337,
              2546649.4608317446
            ],
            [
              250861.41614753372,
              2546649.6108317445
            ],
            [
              250860.8161475337,
              2546650.0608317447
            ],
            [
              250861.26614753372,
              2546649.6108317445
            ],
            [
              250861.5661475337,
              2546649.3108317447
            ],
            [
              250860.8161475337,
              2546649.910831745
            ],
            [
              250861.11614753373,
              2546649.6108317445
            ],
            [
              250860.66614753372,
              2546649.910831745
            ],
            [
              250860.8161475337,
              2546649.760831745
            ],
            [
              250860.96614753373,
              2546649.6108317445
            ],
            [
              250861.41614753372,
              2546649.3108317447
            ],
            [
              250860.66614753372,
              2546649.760831745
            ],
            [
              250860.8161475337,
              2546649.6108317445
            ],
            [
              250860.66614753372,
              2546649.6108317445
            ],
            [
              250861.26614753372,
              2546649.3108317447
            ],
            [
              250861.11614753373,
              2546649.3108317447
            ],
            [
              250860.66614753372,
              2546649.4608317446
            ],
            [
              250860.96614753373,
              2546649.3108317447
            ],
            [
              250860.66614753372,
              2546649.3108317447
            ],
            [
              250860.96614753373,
              2546649.160831745
            ],
            [
              250860.66614753372,
              2546649.160831745
            ],
            [
              250860.51614753372,
              2546649.160831745
            ],
            [
              250860.36614753373,
              2546649.160831745
            ],
            [
              250860.96614753373,
              2546649.010831745
            ],
            [
              250860.8161475337,
              2546649.010831745
            ],
            [
              250860.51614753372,
              2546649.010831745
            ],
            [
              250860.51614753372,
              2546648.8608317445
            ]
          ]
        ]
      },
      "properties": {
        "plane_id": 14,
        "orientation": "vertical",
        "surface_area_m2": 4.402,
        "projected_area_m2": 0.02,
        "tilt_deg": 89.744,
        "grid_azimuth_deg": 211.85,
        "true_azimuth_deg": 210.9,
        "aspect": "SSW",
        "centroid_e": 250862.719,
        "centroid_n": 2546648.776,
        "centroid_z": 82.633,
        "z_min": 80.918,
        "z_max": 83.789,
        "height_above_deck_m": 1.626,
        "n_faces": 879
      }
    },
    {
      "type": "Feature",
      "geometry": {
        "type": "Polygon",
        "coordinates": [
          [
            [
              250863.69736721186,
              2546649.364054974
            ],
            [
              250863.84736721186,
              2546649.364054974
            ],
            [
              250863.69736721186,
              2546649.2140549743
            ],
            [
              250863.69736721186,
              2546649.0640549744
            ],
            [
              250863.99736721185,
              2546649.364054974
            ],
            [
              250864.14736721187,
              2546649.514054974
            ],
            [
              250863.69736721186,
              2546648.914054974
            ],
            [
              250863.54736721187,
              2546648.614054974
            ],
            [
              250864.29736721187,
              2546649.664054974
            ],
            [
              250863.99736721185,
              2546649.2140549743
            ],
            [
              250863.69736721186,
              2546648.764054974
            ],
            [
              250863.39736721187,
              2546648.3140549744
            ],
            [
              250863.54736721187,
              2546648.4640549743
            ],
            [
              250863.84736721186,
              2546648.914054974
            ],
            [
              250863.69736721186,
              2546648.614054974
            ],
            [
              250863.54736721187,
              2546648.3140549744
            ],
            [
              250864.14736721187,
              2546649.364054974
            ],
            [
              250863.99736721185,
              2546649.0640549744
            ],
            [
              250863.69736721186,
              2546648.4640549743
            ],
            [
              250863.99736721185,
              2546648.914054974
            ],
            [
              250864.29736721187,
              2546649.514054974
            ],
            [
              250864.44736721186,
              2546649.664054974
            ],
            [
              250864.44736721186,
              2546649.8140549744
            ],
            [
              250864.59736721186,
              2546649.9640549743
            ],
            [
              250864.74736721185,
              2546650.114054974
            ],
            [
              250865.04736721187,
              2546650.5640549744
            ],
            [
              250864.89736721187,
              2546650.414054974
            ],
            [
              250865.34736721186,
              2546651.014054974
            ],
            [
              250864.74736721185,
              2546650.264054974
            ],
            [
              250865.19736721186,
              2546650.864054974
            ],
            [
              250865.04736721187,
              2546650.7140549743
            ],
            [
              250865.34736721186,
              2546651.164054974
            ],
            [
              250865.19736721186,
              2546651.014054974
            ],
            [
              250864.89736721187,
              2546650.5640549744
            ],
            [
              250864.59736721186,
              2546650.114054974
            ],
            [
              250865.04736721187,
              2546650.864054974
            ],
            [
              250865.19736721186,
              2546651.164054974
            ],
            [
              250864.74736721185,
              2546650.414054974
            ],
            [
              250864.89736721187,
              2546650.7140549743
            ],
            [
              250864.59736721186,
              2546650.264054974
            ],
            [
              250864.44736721186,
              2546649.9640549743
            ],
            [
              250864.29736721187,
              2546649.8140549744
            ],
            [
              250863.69736721186,
              2546649.364054974
            ]
          ]
        ]
      },
      "properties": {
        "plane_id": 15,
        "orientation": "vertical",
        "surface_area_m2": 4.373,
        "projected_area_m2": 0.16,
        "tilt_deg": 87.903,
        "grid_azimuth_deg": 123.84,
        "true_azimuth_deg": 122.89,
        "aspect": "ESE",
        "centroid_e": 250864.618,
        "centroid_n": 2546650.108,
        "centroid_z": 84.715,
        "z_min": 81.28,
        "z_max": 85.84,
        "height_above_deck_m": 3.707,
        "n_faces": 591
      }
    },
    {
      "type": "Feature",
      "geometry": {
        "type": "Polygon",
        "coordinates": [
          [
            [
              250864.4075610967,
              2546651.7491011457
            ],
            [
              250864.5575610967,
              2546651.5991011458
            ],
            [
              250864.85756109672,
              2546651.449101146
            ],
            [
              250864.70756109673,
              2546651.5991011458
            ],
            [
              250865.1575610967,
              2546651.299101146
            ],
            [
              250864.5575610967,
              2546651.7491011457
            ],
            [
              250865.00756109672,
              2546651.449101146
            ],
            [
              250865.3075610967,
              2546651.299101146
            ],
            [
              250864.85756109672,
              2546651.5991011458
            ],
            [
              250865.1575610967,
              2546651.449101146
            ],
            [
              250864.70756109673,
              2546651.7491011457
            ],
            [
              250864.4075610967,
              2546651.899101146
            ],
            [
              250864.25756109672,
              2546652.049101146
            ],
            [
              250864.10756109672,
              2546652.199101146
            ],
            [
              250863.8075610967,
              2546652.3491011458
            ],
            [
              250863.95756109673,
              2546652.199101146
            ],
            [
              250863.50756109672,
              2546652.4991011457
            ],
            [
              250864.10756109672,
              2546652.049101146
            ],
            [
              250863.6575610967,
              2546652.3491011458
            ],
            [
              250863.35756109672,
              2546652.4991011457
            ],
            [
              250863.8075610967,
              2546652.199101146
            ],
            [
              250863.50756109672,
              2546652.3491011458
            ],
            [
              250863.95756109673,
              2546652.049101146
            ],
            [
              250864.25756109672,
              2546651.899101146
            ],
            [
              250864.4075610967,
              2546651.7491011457
            ]
          ]
        ]
      },
      "properties": {
        "plane_id": 16,
        "orientation": "vertical",
        "surface_area_m2": 3.891,
        "projected_area_m2": 0.166,
        "tilt_deg": 87.551,
        "grid_azimuth_deg": 33.81,
        "true_azimuth_deg": 32.86,
        "aspect": "NNE",
        "centroid_e": 250864.378,
        "centroid_n": 2546651.664,
        "centroid_z": 84.985,
        "z_min": 81.153,
        "z_max": 85.864,
        "height_above_deck_m": 3.978,
        "n_faces": 476
      }
    },
    {
      "type": "Feature",
      "geometry": {
        "type": "Polygon",
        "coordinates": [
          [
            [
              250863.2650422722,
              2546657.6006918154
            ],
            [
              250863.4150422722,
              2546657.6006918154
            ],
            [
              250863.4150422722,
              2546657.4506918155
            ],
            [
              250863.56504227218,
              2546657.4506918155
            ],
            [
              250863.56504227218,
              2546657.3006918156
            ],
            [
              250863.71504227218,
              2546657.3006918156
            ],
            [
              250863.86504227217,
              2546657.1506918157
            ],
            [
              250863.86504227217,
              2546657.3006918156
            ],
            [
              250864.0150422722,
              2546657.0006918157
            ],
            [
              250864.0150422722,
              2546657.1506918157
            ],
            [
              250864.1650422722,
              2546657.0006918157
            ],
            [
              250864.31504227218,
              2546656.8506918154
            ],
            [
              250864.31504227218,
              2546657.0006918157
            ],
            [
              250864.46504227218,
              2546656.8506918154
            ],
            [
              250864.61504227217,
              2546656.7006918155
            ],
            [
              250864.7650422722,
              2546656.5506918156
            ],
            [
              250864.61504227217,
              2546656.8506918154
            ],
            [
              250864.7650422722,
              2546656.7006918155
            ],
            [
              250864.9150422722,
              2546656.5506918156
            ],
            [
              250865.5150422722,
              2546656.1006918154
            ],
            [
              250865.36504227217,
              2546656.2506918157
            ],
            [
              250865.21504227218,
              2546656.4006918157
            ],
            [
              250865.06504227218,
              2546656.5506918156
            ],
            [
              250865.6650422722,
              2546656.1006918154
            ],
            [
              250865.5150422722,
              2546656.2506918157
            ],
            [
              250865.36504227217,
              2546656.4006918157
            ],
            [
              250865.21504227218,
              2546656.5506918156
            ],
            [
              250865.81504227218,
              2546656.1006918154
            ],
            [
              250865.96504227218,
              2546656.1006918154
            ],
            [
              250866.11504227217,
              2546656.1006918154
            ],
            [
              250866.11504227217,
              2546656.2506918157
            ],
            [
              250865.5150422722,
              2546656.7006918155
            ],
            [
              250866.11504227217,
              2546656.4006918157
            ],
            [
              250865.36504227217,
              2546656.8506918154
            ],
            [
              250865.6650422722,
              2546656.7006918155
            ],
            [
              250866.2650422722,
              2546656.4006918157
            ],
            [
              250866.4150422722,
              2546656.4006918157
            ],
            [
              250865.81504227218,
              2546656.7006918155
            ],
            [
              250865.5150422722,
              2546656.8506918154
            ],
            [
              250866.2650422722,
              2546656.5506918156
            ],
            [
              250865.96504227218,
              2546656.7006918155
            ],
            [
              250866.4150422722,
              2546656.5506918156
            ],
            [
              250865.36504227217,
              2546657.0006918157
            ],
            [
              250866.11504227217,
              2546656.7006918155
            ],
            [
              250865.06504227218,
              2546657.1506918157
            ],
            [
              250866.2650422722,
              2546656.7006918155
            ],
            [
              250864.7650422722,
              2546657.3006918156
            ],
            [
              250865.21504227218,
              2546657.1506918157
            ],
            [
              250865.36504227217,
              2546657.1506918157
            ],
            [
              250864.9150422722,
              2546657.3006918156
            ],
            [
              250865.06504227218,
              2546657.3006918156
            ],
            [
              250864.61504227217,
              2546657.4506918155
            ],
            [
              250864.7650422722,
              2546657.4506918155
            ],
            [
              250864.31504227218,
              2546657.6006918154
            ],
            [
              250864.46504227218,
              2546657.6006918154
            ],
            [
              250864.61504227217,
              2546657.6006918154
            ],
            [
              250864.31504227218,
              2546657.7506918157
            ],
            [
              250864.31504227218,
              2546657.9006918157
            ],
            [
              250864.1650422722,
              2546657.9006918157
            ],
            [
              250864.1650422722,
              2546658.0506918156
            ],
            [
              250864.0150422722,
              2546658.0506918156
            ],
            [
              250863.86504227217,
              2546658.0506918156
            ],
            [
              250863.86504227217,
              2546658.2006918155
            ],
            [
              250863.71504227218,
              2546658.5006918157
            ],
            [
              250863.71504227218,
              2546658.3506918154
            ],
            [
              250863.71504227218,
              2546658.2006918155
            ],
            [
              250863.56504227218,
              2546658.6506918157
            ],
            [
              250863.56504227218,
              2546658.5006918157
            ],
            [
              250863.4150422722,
              2546658.6506918157
            ],
            [
              250863.2650422722,
              2546658.6506918157
            ],
            [
              250863.11504227217,
              2546658.6506918157
            ],
            [
              250862.96504227218,
              2546658.6506918157
            ],
            [
              250862.81504227218,
              2546658.6506918157
            ],
            [
              250862.21504227218,
              2546659.1006918154
            ],
            [
              250862.6650422722,
              2546658.6506918157
            ],
            [
              250862.06504227218,
              2546659.1006918154
            ],
            [
              250862.21504227218,
              2546658.9506918155
            ],
            [
              250862.5150422722,
              2546658.6506918157
            ],
            [
              250861.9150422722,
              2546659.1006918154
            ],
            [
              250862.21504227218,
              2546658.8006918156
            ],
            [
              250861.7650422722,
              2546659.1006918154
            ],
            [
              250862.36504227217,
              2546658.6506918157
            ],
            [
              250861.7650422722,
              2546658.9506918155
            ],
            [
              250862.21504227218,
              2546658.6506918157
            ],
            [
              250861.61504227217,
              2546658.9506918155
            ],
            [
              250861.61504227217,
              2546658.8006918156
            ],
            [
              250861.46504227218,
              2546658.8006918156
            ],
            [
              250862.06504227218,
              2546658.5006918157
            ],
            [
              250861.31504227218,
              2546658.8006918156
            ],
            [
              250861.61504227217,
              2546658.6506918157
            ],
            [
              250861.9150422722,
              2546658.5006918157
            ],
            [
              250861.1650422722,
              2546658.8006918156
            ],
            [
              250861.46504227218,
              2546658.6506918157
            ],
            [
              250862.5150422722,
              2546658.2006918155
            ],
            [
              250861.7650422722,
              2546658.5006918157
            ],
            [
              250861.0150422722,
              2546658.8006918156
            ],
            [
              250862.81504227218,
              2546658.0506918156
            ],
            [
              250862.06504227218,
              2546658.3506918154
            ],
            [
              250861.61504227217,
              2546658.5006918157
            ],
            [
              250862.36504227217,
              2546658.2006918155
            ],
            [
              250862.6650422722,
              2546658.0506918156
            ],
            [
              250862.21504227218,
              2546658.2006918155
            ],
            [
              250862.06504227218,
              2546658.2006918155
            ],
            [
              250862.5150422722,
              2546658.0506918156
            ],
            [
              250862.96504227218,
              2546657.9006918157
            ],
            [
              250862.81504227218,
              2546657.9006918157
            ],
            [
              250863.2650422722,
              2546657.7506918157
            ],
            [
              250863.11504227217,
              2546657.7506918157
            ],
            [
              250862.96504227218,
              2546657.7506918157
            ],
            [
              250863.2650422722,
              2546657.6006918154
            ]
          ]
        ]
      },
      "properties": {
        "plane_id": 17,
        "orientation": "sloped",
        "surface_area_m2": 3.889,
        "projected_area_m2": 3.628,
        "tilt_deg": 21.116,
        "grid_azimuth_deg": 212.92,
        "true_azimuth_deg": 211.97,
        "aspect": "SSW",
        "centroid_e": 250863.771,
        "centroid_n": 2546657.638,
        "centroid_z": 81.147,
        "z_min": 80.962,
        "z_max": 81.331,
        "height_above_deck_m": 0.139,
        "n_faces": 1314
      }
    },
    {
      "type": "Feature",
      "geometry": {
        "type": "Polygon",
        "coordinates": [
          [
            [
              250861.97182911233,
              2546650.893478197
            ],
            [
              250860.32182911233,
              2546649.393478197
            ],
            [
              250860.17182911234,
              2546649.243478197
            ],
            [
              250860.32182911233,
              2546649.243478197
            ],
            [
              250860.17182911234,
              2546649.093478197
            ],
            [
              250860.02182911235,
              2546648.943478197
            ],
            [
              250860.02182911235,
              2546648.793478197
            ],
            [
              250860.17182911234,
              2546648.943478197
            ],
            [
              250860.47182911233,
              2546649.243478197
            ],
            [
              250860.17182911234,
              2546648.793478197
            ],
            [
              250860.62182911232,
              2546649.243478197
            ],
            [
              250860.17182911234,
              2546648.643478197
            ],
            [
              250860.77182911235,
              2546649.243478197
            ],
            [
              250860.32182911233,
              2546648.643478197
            ],
            [
              250860.47182911233,
              2546648.643478197
            ],
            [
              250860.92182911234,
              2546649.243478197
            ],
            [
              250860.62182911232,
              2546648.643478197
            ],
            [
              250861.07182911233,
              2546649.243478197
            ],
            [
              250860.77182911235,
              2546648.643478197
            ],
            [
              250860.77182911235,
              2546648.493478197
            ],
            [
              250861.22182911233,
              2546649.243478197
            ],
            [
              250860.92182911234,
              2546648.643478197
            ],
            [
              250860.77182911235,
              2546648.343478197
            ],
            [
              250862.12182911232,
              2546650.893478197
            ],
            [
              250861.07182911233,
              2546648.793478197
            ],
            [
              250860.92182911234,
              2546648.493478197
            ],
            [
              250860.77182911235,
              2546648.193478197
            ],
            [
              250860.92182911234,
              2546648.343478197
            ],
            [
              250861.07182911233,
              2546648.643478197
            ],
            [
              250861.22182911233,
              2546648.943478197
            ],
            [
              250861.37182911232,
              2546649.243478197
            ],
            [
              250861.22182911233,
              2546648.793478197
            ],
            [
              250861.37182911232,
              2546648.943478197
            ],
            [
              250861.52182911235,
              2546649.243478197
            ],
            [
              250861.52182911235,
              2546648.943478197
            ],
            [
              250861.67182911234,
              2546649.393478197
            ],
            [
              250861.67182911234,
              2546649.243478197
            ],
            [
              250861.67182911234,
              2546648.943478197
            ],
            [
              250862.12182911232,
              2546650.743478197
            ],
            [
              250861.82182911233,
              2546649.393478197
            ],
            [
              250861.82182911233,
              2546648.943478197
            ],
            [
              250861.97182911233,
              2546649.393478197
            ],
            [
              250861.97182911233,
              2546648.943478197
            ],
            [
              250862.12182911232,
              2546649.393478197
            ],
            [
              250862.12182911232,
              2546648.943478197
            ],
            [
              250862.27182911235,
              2546648.943478197
            ],
            [
              250862.27182911235,
              2546649.243478197
            ],
            [
              250862.27182911235,
              2546649.393478197
            ],
            [
              250862.27182911235,
              2546649.543478197
            ],
            [
              250862.27182911235,
              2546649.693478197
            ],
            [
              250862.27182911235,
              2546649.843478197
            ],
            [
              250862.27182911235,
              2546649.993478197
            ],
            [
              250862.27182911235,
              2546650.143478197
            ],
            [
              250862.42182911234,
              2546648.943478197
            ],
            [
              250862.27182911235,
              2546650.293478197
            ],
            [
              250862.42182911234,
              2546649.243478197
            ],
            [
              250862.27182911235,
              2546650.443478197
            ],
            [
              250862.57182911233,
              2546648.943478197
            ],
            [
              250862.57182911233,
              2546649.093478197
            ],
            [
              250862.27182911235,
              2546650.593478197
            ],
            [
              250862.57182911233,
              2546649.243478197
            ],
            [
              250862.72182911233,
              2546648.793478197
            ],
            [
              250862.72182911233,
              2546648.943478197
            ],
            [
              250862.27182911235,
              2546650.743478197
            ],
            [
              250862.27182911235,
              2546650.893478197
            ],
            [
              250862.42182911234,
              2546650.893478197
            ],
            [
              250862.42182911234,
              2546651.043478197
            ],
            [
              250862.57182911233,
              2546651.193478197
            ],
            [
              250862.72182911233,
              2546651.343478197
            ],
            [
              250862.42182911234,
              2546651.193478197
            ],
            [
              250862.57182911233,
              2546651.343478197
            ],
            [
              250862.72182911233,
              2546651.493478197
            ],
            [
              250862.87182911232,
              2546651.643478197
            ],
            [
              250863.32182911233,
              2546652.243478197
            ],
            [
              250863.17182911234,
              2546652.093478197
            ],
            [
              250863.02182911235,
              2546651.943478197
            ],
            [
              250862.87182911232,
              2546651.793478197
            ],
            [
              250863.62182911232,
              2546652.693478197
            ],
            [
              250862.72182911233,
              2546651.643478197
            ],
            [
              250863.47182911233,
              2546652.543478197
            ],
            [
              250863.32182911233,
              2546652.393478197
            ],
            [
              250863.17182911234,
              2546652.243478197
            ],
            [
              250863.77182911235,
              2546652.993478197
            ],
            [
              250863.62182911232,
              2546652.843478197
            ],
            [
              250864.07182911233,
              2546653.443478197
            ],
            [
              250863.02182911235,
              2546652.093478197
            ],
            [
              250863.47182911233,
              2546652.693478197
            ],
            [
              250863.92182911234,
              2546653.293478197
            ],
            [
              250863.77182911235,
              2546653.143478197
            ],
            [
              250863.32182911233,
              2546652.543478197
            ],
            [
              250862.87182911232,
              2546651.943478197
            ],
            [
              250864.07182911233,
              2546653.593478197
            ],
            [
              250863.62182911232,
              2546652.993478197
            ],
            [
              250863.92182911234,
              2546653.443478197
            ],
            [
              250863.77182911235,
              2546653.293478197
            ],
            [
              250864.07182911233,
              2546653.743478197
            ],
            [
              250863.92182911234,
              2546653.743478197
            ],
            [
              250863.77182911235,
              2546653.743478197
            ],
            [
              250863.77182911235,
              2546653.893478197
            ],
            [
              250863.62182911232,
              2546653.893478197
            ],
            [
              250863.62182911232,
              2546654.043478197
            ],
            [
              250863.47182911233,
              2546654.043478197
            ],
            [
              250863.32182911233,
              2546654.043478197
            ],
            [
              250863.32182911233,
              2546654.193478197
            ],
            [
              250863.02182911235,
              2546653.443478197
            ],
            [
              250863.17182911234,
              2546653.893478197
            ],
            [
              250863.17182911234,
              2546654.043478197
            ],
            [
              250863.02182911235,
              2546653.593478197
            ],
            [
              250863.02182911235,
              2546653.743478197
            ],
            [
              250862.87182911232,
              2546653.293478197
            ],
            [
              250863.02182911235,
              2546653.893478197
            ],
            [
              250862.87182911232,
              2546653.443478197
            ],
            [
              250862.72182911233,
              2546653.143478197
            ],
            [
              250862.72182911233,
              2546653.293478197
            ],
            [
              250862.57182911233,
              2546652.843478197
            ],
            [
              250862.57182911233,
              2546652.993478197
            ],
            [
              250862.57182911233,
              2546653.143478197
            ],
            [
              250862.42182911234,
              2546652.543478197
            ],
            [
              250862.42182911234,
              2546652.693478197
            ],
            [
              250862.42182911234,
              2546652.843478197
            ],
            [
              250862.27182911235,
              2546652.543478197
            ],
            [
              250862.12182911232,
              2546652.543478197
            ],
            [
              250862.12182911232,
              2546652.393478197
            ],
            [
              250862.12182911232,
              2546652.243478197
            ],
            [
              250861.97182911233,
              2546652.243478197
            ],
            [
              250861.97182911233,
              2546652.093478197
            ],
            [
              250861.82182911233,
              2546652.093478197
            ],
            [
              250861.82182911233,
              2546651.943478197
            ],
            [
              250861.67182911234,
              2546651.943478197
            ],
            [
              250861.67182911234,
              2546651.793478197
            ],
            [
              250861.67182911234,
              2546651.643478197
            ],
            [
              250861.67182911234,
              2546651.493478197
            ],
            [
              250861.52182911235,
              2546651.493478197
            ],
            [
              250861.52182911235,
              2546651.343478197
            ],
            [
              250861.67182911234,
              2546651.193478197
            ],
            [
              250861.52182911235,
              2546651.193478197
            ],
            [
              250861.97182911233,
              2546651.043478197
            ],
            [
              250861.82182911233,
              2546651.043478197
            ],
            [
              250861.67182911234,
              2546651.043478197
            ],
            [
              250861.97182911233,
              2546650.893478197
            ]
          ]
        ]
      },
      "properties": {
        "plane_id": 18,
        "orientation": "horizontal",
        "surface_area_m2": 3.815,
        "projected_area_m2": 3.814,
        "tilt_deg": 0.952,
        "grid_azimuth_deg": null,
        "true_azimuth_deg": null,
        "aspect": "flat",
        "centroid_e": 250862.736,
        "centroid_n": 2546652.303,
        "centroid_z": 83.471,
        "z_min": 81.034,
        "z_max": 83.557,
        "height_above_deck_m": 2.463,
        "n_faces": 931
      }
    },
    {
      "type": "Feature",
      "geometry": {
        "type": "Polygon",
        "coordinates": [
          [
            [
              250865.6285253937,
              2546655.095297228
            ],
            [
              250865.7785253937,
              2546655.095297228
            ],
            [
              250865.92852539368,
              2546655.095297228
            ],
            [
              250866.07852539368,
              2546655.095297228
            ],
            [
              250866.22852539367,
              2546655.095297228
            ],
            [
              250866.22852539367,
              2546654.9452972277
            ],
            [
              250866.3785253937,
              2546655.095297228
            ],
            [
              250866.3785253937,
              2546654.9452972277
            ],
            [
              250866.3785253937,
              2546654.795297228
            ],
            [
              250866.5285253937,
              2546654.795297228
            ],
            [
              250866.5285253937,
              2546654.9452972277
            ],
            [
              250866.67852539368,
              2546654.645297228
            ],
            [
              250866.82852539368,
              2546654.495297228
            ],
            [
              250866.67852539368,
              2546654.795297228
            ],
            [
              250866.82852539368,
              2546654.645297228
            ],
            [
              250866.97852539367,
              2546654.495297228
            ],
            [
              250867.1285253937,
              2546654.345297228
            ],
            [
              250867.2785253937,
              2546654.1952972277
            ],
            [
              250867.72852539367,
              2546653.895297228
            ],
            [
              250867.57852539368,
              2546654.045297228
            ],
            [
              250867.42852539368,
              2546654.1952972277
            ],
            [
              250867.2785253937,
              2546654.345297228
            ],
            [
              250867.1285253937,
              2546654.495297228
            ],
            [
              250866.97852539367,
              2546654.645297228
            ],
            [
              250866.82852539368,
              2546654.795297228
            ],
            [
              250866.67852539368,
              2546654.9452972277
            ],
            [
              250868.0285253937,
              2546653.745297228
            ],
            [
              250867.8785253937,
              2546653.895297228
            ],
            [
              250867.72852539367,
              2546654.045297228
            ],
            [
              250867.57852539368,
              2546654.1952972277
            ],
            [
              250868.17852539368,
              2546653.745297228
            ],
            [
              250868.0285253937,
              2546653.895297228
            ],
            [
              250867.2785253937,
              2546654.495297228
            ],
            [
              250867.8785253937,
              2546654.045297228
            ],
            [
              250866.5285253937,
              2546655.095297228
            ],
            [
              250867.1285253937,
              2546654.645297228
            ],
            [
              250867.72852539367,
              2546654.1952972277
            ],
            [
              250868.32852539368,
              2546653.745297228
            ],
            [
              250868.17852539368,
              2546653.895297228
            ],
            [
              250867.57852539368,
              2546654.345297228
            ],
            [
              250868.0285253937,
              2546654.045297228
            ],
            [
              250868.47852539367,
              2546653.745297228
            ],
            [
              250866.97852539367,
              2546654.795297228
            ],
            [
              250867.42852539368,
              2546654.495297228
            ],
            [
              250867.8785253937,
              2546654.1952972277
            ],
            [
              250868.32852539368,
              2546653.895297228
            ],
            [
              250868.17852539368,
              2546654.045297228
            ],
            [
              250867.72852539367,
              2546654.345297228
            ],
            [
              250867.2785253937,
              2546654.645297228
            ],
            [
              250867.57852539368,
              2546654.495297228
            ],
            [
              250866.82852539368,
              2546654.9452972277
            ],
            [
              250866.3785253937,
              2546655.245297228
            ],
            [
              250865.7785253937,
              2546656.145297228
            ],
            [
              250865.0285253937,
              2546657.1952972277
            ],
            [
              250865.0285253937,
              2546657.045297228
            ],
            [
              250864.8785253937,
              2546657.1952972277
            ],
            [
              250865.7785253937,
              2546655.995297228
            ],
            [
              250865.0285253937,
              2546656.895297228
            ],
            [
              250865.6285253937,
              2546656.145297228
            ],
            [
              250864.8785253937,
              2546657.045297228
            ],
            [
              250865.0285253937,
              2546656.745297228
            ],
            [
              250864.8785253937,
              2546656.895297228
            ],
            [
              250865.7785253937,
              2546655.845297228
            ],
            [
              250865.47852539367,
              2546656.145297228
            ],
            [
              250865.32852539368,
              2546656.295297228
            ],
            [
              250865.0285253937,
              2546656.595297228
            ],
            [
              250864.8785253937,
              2546656.745297228
            ],
            [
              250864.8785253937,
              2546656.595297228
            ],
            [
              250865.0285253937,
              2546656.4452972277
            ],
            [
              250865.17852539368,
              2546656.295297228
            ],
            [
              250865.32852539368,
              2546656.145297228
            ],
            [
              250865.6285253937,
              2546655.845297228
            ],
            [
              250864.8785253937,
              2546656.4452972277
            ],
            [
              250865.7785253937,
              2546655.6952972277
            ],
            [
              250865.0285253937,
              2546656.295297228
            ],
            [
              250865.17852539368,
              2546656.145297228
            ],
            [
              250865.32852539368,
              2546655.995297228
            ],
            [
              250865.92852539368,
              2546655.545297228
            ],
            [
              250864.8785253937,
              2546656.295297228
            ],
            [
              250865.47852539367,
              2546655.845297228
            ],
            [
              250865.17852539368,
              2546655.995297228
            ],
            [
              250865.6285253937,
              2546655.6952972277
            ],
            [
              250866.07852539368,
              2546655.395297228
            ],
            [
              250865.32852539368,
              2546655.845297228
            ],
            [
              250865.7785253937,
              2546655.545297228
            ],
            [
              250865.6285253937,
              2546655.545297228
            ],
            [
              250865.92852539368,
              2546655.395297228
            ],
            [
              250866.22852539367,
              2546655.245297228
            ],
            [
              250865.6285253937,
              2546655.395297228
            ],
            [
              250866.07852539368,
              2546655.245297228
            ],
            [
              250865.6285253937,
              2546655.245297228
            ],
            [
              250865.6285253937,
              2546655.095297228
            ]
          ]
        ]
      },
      "properties": {
        "plane_id": 19,
        "orientation": "vertical",
        "surface_area_m2": 3.69,
        "projected_area_m2": 0.268,
        "tilt_deg": 85.83,
        "grid_azimuth_deg": 213.98,
        "true_azimuth_deg": 213.03,
        "aspect": "SSW",
        "centroid_e": 250866.994,
        "centroid_n": 2546654.658,
        "centroid_z": 84.64,
        "z_min": 82.909,
        "z_max": 85.312,
        "height_above_deck_m": 3.632,
        "n_faces": 627
      }
    },
    {
      "type": "Feature",
      "geometry": {
        "type": "Polygon",
        "coordinates": [
          [
            [
              250860.43047253333,
              2546649.529411835
            ],
            [
              250860.28047253334,
              2546649.379411835
            ],
            [
              250860.43047253333,
              2546649.379411835
            ],
            [
              250860.28047253334,
              2546649.2294118353
            ],
            [
              250860.13047253335,
              2546649.079411835
            ],
            [
              250860.28047253334,
              2546649.079411835
            ],
            [
              250860.13047253335,
              2546648.929411835
            ],
            [
              250860.28047253334,
              2546648.929411835
            ],
            [
              250860.43047253333,
              2546648.929411835
            ],
            [
              250860.58047253333,
              2546648.929411835
            ],
            [
              250860.73047253332,
              2546648.929411835
            ],
            [
              250860.73047253332,
              2546648.779411835
            ],
            [
              250860.73047253332,
              2546648.629411835
            ],
            [
              250860.73047253332,
              2546648.4794118353
            ],
            [
              250860.73047253332,
              2546648.329411835
            ],
            [
              250860.73047253332,
              2546648.179411835
            ],
            [
              250860.73047253332,
              2546648.029411835
            ],
            [
              250860.88047253335,
              2546648.329411835
            ],
            [
              250860.88047253335,
              2546648.179411835
            ],
            [
              250861.03047253334,
              2546648.4794118353
            ],
            [
              250860.88047253335,
              2546648.029411835
            ],
            [
              250861.03047253334,
              2546648.329411835
            ],
            [
              250861.18047253333,
              2546648.629411835
            ],
            [
              250861.18047253333,
              2546648.4794118353
            ],
            [
              250861.33047253333,
              2546648.929411835
            ],
            [
              250861.33047253333,
              2546648.779411835
            ],
            [
              250861.33047253333,
              2546648.629411835
            ],
            [
              250861.48047253332,
              2546648.929411835
            ],
            [
              250861.48047253332,
              2546649.079411835
            ],
            [
              250861.63047253335,
              2546649.079411835
            ],
            [
              250861.63047253335,
              2546649.2294118353
            ],
            [
              250861.78047253334,
              2546649.2294118353
            ],
            [
              250861.78047253334,
              2546649.379411835
            ],
            [
              250861.78047253334,
              2546649.529411835
            ],
            [
              250861.93047253333,
              2546649.529411835
            ],
            [
              250861.93047253333,
              2546649.679411835
            ],
            [
              250862.08047253333,
              2546649.829411835
            ],
            [
              250861.93047253333,
              2546649.829411835
            ],
            [
              250862.23047253332,
              2546649.9794118353
            ],
            [
              250862.38047253335,
              2546650.129411835
            ],
            [
              250862.08047253333,
              2546649.9794118353
            ],
            [
              250862.23047253332,
              2546650.129411835
            ],
            [
              250862.38047253335,
              2546650.279411835
            ],
            [
              250862.53047253334,
              2546650.429411835
            ],
            [
              250862.08047253333,
              2546650.129411835
            ],
            [
              250862.23047253332,
              2546650.279411835
            ],
            [
              250862.38047253335,
              2546650.429411835
            ],
            [
              250862.53047253334,
              2546650.579411835
            ],
            [
              250862.53047253334,
              2546650.7294118353
            ],
            [
              250862.38047253335,
              2546650.579411835
            ],
            [
              250862.23047253332,
              2546650.429411835
            ],
            [
              250862.08047253333,
              2546650.279411835
            ],
            [
              250861.93047253333,
              2546650.129411835
            ],
            [
              250862.53047253334,
              2546650.879411835
            ],
            [
              250862.38047253335,
              2546650.7294118353
            ],
            [
              250862.23047253332,
              2546650.579411835
            ],
            [
              250862.68047253333,
              2546651.179411835
            ],
            [
              250862.53047253334,
              2546651.029411835
            ],
            [
              250862.38047253335,
              2546650.879411835
            ],
            [
              250862.53047253334,
              2546651.179411835
            ],
            [
              250861.78047253334,
              2546650.129411835
            ],
            [
              250861.63047253335,
              2546650.129411835
            ],
            [
              250861.48047253332,
              2546650.129411835
            ],
            [
              250861.33047253333,
              2546650.129411835
            ],
            [
              250861.18047253333,
              2546650.129411835
            ],
            [
              250861.03047253334,
              2546650.129411835
            ],
            [
              250860.88047253335,
              2546650.129411835
            ],
            [
              250860.88047253335,
              2546649.9794118353
            ],
            [
              250860.73047253332,
              2546649.9794118353
            ],
            [
              250860.73047253332,
              2546649.829411835
            ],
            [
              250860.58047253333,
              2546649.829411835
            ],
            [
              250860.58047253333,
              2546649.679411835
            ],
            [
              250860.43047253333,
              2546649.679411835
            ],
            [
              250860.43047253333,
              2546649.529411835
            ]
          ]
        ]
      },
      "properties": {
        "plane_id": 20,
        "orientation": "vertical",
        "surface_area_m2": 3.228,
        "projected_area_m2": 0.118,
        "tilt_deg": 87.906,
        "grid_azimuth_deg": 123.98,
        "true_azimuth_deg": 123.03,
        "aspect": "ESE",
        "centroid_e": 250861.524,
        "centroid_n": 2546649.412,
        "centroid_z": 84.178,
        "z_min": 81.193,
        "z_max": 85.801,
        "height_above_deck_m": 3.171,
        "n_faces": 896
      }
    },
    {
      "type": "Feature",
      "geometry": {
        "type": "Polygon",
        "coordinates": [
          [
            [
              250860.08421822914,
              2546647.4383305856
            ],
            [
              250860.23421822913,
              2546647.4383305856
            ],
            [
              250860.38421822913,
              2546647.4383305856
            ],
            [
              250860.23421822913,
              2546647.2883305857
            ],
            [
              250860.38421822913,
              2546647.2883305857
            ],
            [
              250860.53421822912,
              2546647.2883305857
            ],
            [
              250860.53421822912,
              2546647.1383305853
            ],
            [
              250860.68421822911,
              2546647.1383305853
            ],
            [
              250860.83421822914,
              2546647.1383305853
            ],
            [
              250860.68421822911,
              2546646.9883305854
            ],
            [
              250860.83421822914,
              2546646.9883305854
            ],
            [
              250860.98421822913,
              2546646.9883305854
            ],
            [
              250860.98421822913,
              2546646.8383305855
            ],
            [
              250861.13421822913,
              2546646.8383305855
            ],
            [
              250861.13421822913,
              2546646.6883305856
            ],
            [
              250861.28421822912,
              2546646.8383305855
            ],
            [
              250861.28421822912,
              2546646.6883305856
            ],
            [
              250861.28421822912,
              2546646.5383305857
            ],
            [
              250861.43421822911,
              2546646.6883305856
            ],
            [
              250861.43421822911,
              2546646.5383305857
            ],
            [
              250861.58421822914,
              2546646.3883305853
            ],
            [
              250861.58421822914,
              2546646.5383305857
            ],
            [
              250861.73421822913,
              2546646.2383305854
            ],
            [
              250861.73421822913,
              2546646.3883305853
            ],
            [
              250861.88421822913,
              2546646.2383305854
            ],
            [
              250861.88421822913,
              2546646.3883305853
            ],
            [
              250862.03421822912,
              2546646.0883305855
            ],
            [
              250862.03421822912,
              2546646.2383305854
            ],
            [
              250862.18421822911,
              2546645.9383305856
            ],
            [
              250862.03421822912,
              2546646.3883305853
            ],
            [
              250862.18421822911,
              2546646.0883305855
            ],
            [
              250862.33421822914,
              2546645.9383305856
            ],
            [
              250862.48421822913,
              2546645.7883305857
            ],
            [
              250862.18421822911,
              2546646.3883305853
            ],
            [
              250862.63421822913,
              2546645.6383305853
            ],
            [
              250862.48421822913,
              2546645.9383305856
            ],
            [
              250862.63421822913,
              2546645.7883305857
            ],
            [
              250862.33421822914,
              2546646.3883305853
            ],
            [
              250862.78421822912,
              2546645.7883305857
            ],
            [
              250862.78421822912,
              2546645.9383305856
            ],
            [
              250862.48421822913,
              2546646.3883305853
            ],
            [
              250862.78421822912,
              2546646.0883305855
            ],
            [
              250862.63421822913,
              2546646.3883305853
            ],
            [
              250862.78421822912,
              2546646.2383305854
            ],
            [
              250862.78421822912,
              2546646.3883305853
            ],
            [
              250862.78421822912,
              2546646.5383305857
            ],
            [
              250862.78421822912,
              2546646.6883305856
            ],
            [
              250862.78421822912,
              2546646.8383305855
            ],
            [
              250862.93421822911,
              2546646.8383305855
            ],
            [
              250863.08421822914,
              2546646.8383305855
            ],
            [
              250862.78421822912,
              2546646.9883305854
            ],
            [
              250863.23421822913,
              2546646.8383305855
            ],
            [
              250863.23421822913,
              2546646.9883305854
            ],
            [
              250862.78421822912,
              2546647.1383305853
            ],
            [
              250863.38421822913,
              2546646.9883305854
            ],
            [
              250862.93421822911,
              2546647.1383305853
            ],
            [
              250863.53421822912,
              2546646.9883305854
            ],
            [
              250863.08421822914,
              2546647.1383305853
            ],
            [
              250863.68421822911,
              2546646.9883305854
            ],
            [
              250863.23421822913,
              2546647.1383305853
            ],
            [
              250863.38421822913,
              2546647.1383305853
            ],
            [
              250862.78421822912,
              2546647.2883305857
            ],
            [
              250863.53421822912,
              2546647.1383305853
            ],
            [
              250863.68421822911,
              2546647.1383305853
            ],
            [
              250862.93421822911,
              2546647.2883305857
            ],
            [
              250862.78421822912,
              2546647.4383305856
            ],
            [
              250862.93421822911,
              2546647.4383305856
            ],
            [
              250862.93421822911,
              2546647.5883305855
            ],
            [
              250862.78421822912,
              2546647.5883305855
            ],
            [
              250861.28421822912,
              2546649.5383305857
            ],
            [
              250861.13421822913,
              2546649.5383305857
            ],
            [
              250861.13421822913,
              2546649.3883305853
            ],
            [
              250861.13421822913,
              2546649.2383305854
            ],
            [
              250861.13421822913,
              2546649.0883305855
            ],
            [
              250860.83421822914,
              2546650.1383305853
            ],
            [
              250860.98421822913,
              2546649.5383305857
            ],
            [
              250860.83421822914,
              2546649.9883305854
            ],
            [
              250860.83421822914,
              2546649.8383305855
            ],
            [
              250860.83421822914,
              2546649.6883305856
            ],
            [
              250860.83421822914,
              2546649.5383305857
            ],
            [
              250860.98421822913,
              2546649.0883305855
            ],
            [
              250860.68421822911,
              2546649.5383305857
            ],
            [
              250860.83421822914,
              2546649.0883305855
            ],
            [
              250860.83421822914,
              2546648.9383305856
            ],
            [
              250860.53421822912,
              2546649.5383305857
            ],
            [
              250860.83421822914,
              2546648.7883305857
            ],
            [
              250860.38421822913,
              2546649.5383305857
            ],
            [
              250860.38421822913,
              2546649.3883305853
            ],
            [
              250860.83421822914,
              2546648.6383305853
            ],
            [
              250860.38421822913,
              2546649.2383305854
            ],
            [
              250860.23421822913,
              2546649.2383305854
            ],
            [
              250860.68421822911,
              2546648.6383305853
            ],
            [
              250860.08421822914,
              2546649.2383305854
            ],
            [
              250860.53421822912,
              2546648.6383305853
            ],
            [
              250860.08421822914,
              2546649.0883305855
            ],
            [
              250860.08421822914,
              2546648.9383305856
            ],
            [
              250860.38421822913,
              2546648.6383305853
            ],
            [
              250860.08421822914,
              2546648.7883305857
            ],
            [
              250860.38421822913,
              2546648.4883305854
            ],
            [
              250860.08421822914,
              2546648.6383305853
            ],
            [
              250860.38421822913,
              2546648.3383305855
            ],
            [
              250860.08421822914,
              2546648.4883305854
            ],
            [
              250860.38421822913,
              2546648.1883305856
            ],
            [
              250860.08421822914,
              2546648.3383305855
            ],
            [
              250860.08421822914,
              2546648.1883305856
            ],
            [
              250860.38421822913,
              2546648.0383305857
            ],
            [
              250860.08421822914,
              2546648.0383305857
            ],
            [
              250860.38421822913,
              2546647.8883305853
            ],
            [
              250860.08421822914,
              2546647.8883305853
            ],
            [
              250860.38421822913,
              2546647.7383305854
            ],
            [
              250860.08421822914,
              2546647.7383305854
            ],
            [
              250860.38421822913,
              2546647.5883305855
            ],
            [
              250860.08421822914,
              2546647.5883305855
            ],
            [
              250860.08421822914,
              2546647.4383305856
            ]
          ]
        ]
      },
      "properties": {
        "plane_id": 22,
        "orientation": "vertical",
        "surface_area_m2": 2.581,
        "projected_area_m2": 0.032,
        "tilt_deg": 89.285,
        "grid_azimuth_deg": 33.52,
        "true_azimuth_deg": 32.57,
        "aspect": "NNE",
        "centroid_e": 250861.106,
        "centroid_n": 2546646.957,
        "centroid_z": 83.563,
        "z_min": 81.121,
        "z_max": 85.417,
        "height_above_deck_m": 2.556,
        "n_faces": 720
      }
    },
    {
      "type": "Feature",
      "geometry": {
        "type": "Polygon",
        "coordinates": [
          [
            [
              250853.7552462703,
              2546647.9262693515
            ],
            [
              250853.9052462703,
              2546647.9262693515
            ],
            [
              250853.9052462703,
              2546647.7762693516
            ],
            [
              250854.0552462703,
              2546647.7762693516
            ],
            [
              250854.20524627028,
              2546647.6262693517
            ],
            [
              250854.8052462703,
              2546647.1762693515
            ],
            [
              250854.6552462703,
              2546647.326269352
            ],
            [
              250854.5052462703,
              2546647.476269352
            ],
            [
              250854.95524627028,
              2546647.1762693515
            ],
            [
              250854.3552462703,
              2546647.6262693517
            ],
            [
              250854.8052462703,
              2546647.326269352
            ],
            [
              250854.6552462703,
              2546647.476269352
            ],
            [
              250854.95524627028,
              2546647.326269352
            ],
            [
              250854.20524627028,
              2546647.7762693516
            ],
            [
              250854.5052462703,
              2546647.6262693517
            ],
            [
              250854.8052462703,
              2546647.476269352
            ],
            [
              250854.6552462703,
              2546647.6262693517
            ],
            [
              250854.3552462703,
              2546647.7762693516
            ],
            [
              250854.0552462703,
              2546647.9262693515
            ],
            [
              250853.9052462703,
              2546648.076269352
            ],
            [
              250853.45524627028,
              2546648.3762693517
            ],
            [
              250853.6052462703,
              2546648.226269352
            ],
            [
              250853.7552462703,
              2546648.076269352
            ],
            [
              250853.0052462703,
              2546648.6762693515
            ],
            [
              250853.1552462703,
              2546648.5262693516
            ],
            [
              250853.3052462703,
              2546648.3762693517
            ],
            [
              250852.8552462703,
              2546648.6762693515
            ],
            [
              250853.0052462703,
              2546648.5262693516
            ],
            [
              250853.45524627028,
              2546648.226269352
            ],
            [
              250853.1552462703,
              2546648.3762693517
            ],
            [
              250852.8552462703,
              2546648.5262693516
            ],
            [
              250853.0052462703,
              2546648.3762693517
            ],
            [
              250853.3052462703,
              2546648.226269352
            ],
            [
              250853.6052462703,
              2546648.076269352
            ],
            [
              250853.45524627028,
              2546648.076269352
            ],
            [
              250853.7552462703,
              2546647.9262693515
            ]
          ]
        ]
      },
      "properties": {
        "plane_id": 23,
        "orientation": "vertical",
        "surface_area_m2": 2.273,
        "projected_area_m2": 0.294,
        "tilt_deg": 82.574,
        "grid_azimuth_deg": 35.01,
        "true_azimuth_deg": 34.06,
        "aspect": "NE",
        "centroid_e": 250853.849,
        "centroid_n": 2546647.982,
        "centroid_z": 81.735,
        "z_min": 81.315,
        "z_max": 82.241,
        "height_above_deck_m": 0.728,
        "n_faces": 810
      }
    },
    {
      "type": "Feature",
      "geometry": {
        "type": "Polygon",
        "coordinates": [
          [
            [
              250861.14775637753,
              2546646.421060389
            ],
            [
              250861.29775637752,
              2546646.421060389
            ],
            [
              250861.4477563775,
              2546646.271060389
            ],
            [
              250862.1977563775,
              2546645.671060389
            ],
            [
              250862.04775637752,
              2546645.821060389
            ],
            [
              250861.89775637753,
              2546645.9710603887
            ],
            [
              250862.64775637753,
              2546645.3710603886
            ],
            [
              250862.4977563775,
              2546645.521060389
            ],
            [
              250861.7477563775,
              2546646.1210603886
            ],
            [
              250863.0977563775,
              2546645.071060389
            ],
            [
              250862.3477563775,
              2546645.671060389
            ],
            [
              250862.79775637752,
              2546645.3710603886
            ],
            [
              250862.1977563775,
              2546645.821060389
            ],
            [
              250863.2477563775,
              2546645.071060389
            ],
            [
              250862.64775637753,
              2546645.521060389
            ],
            [
              250863.0977563775,
              2546645.2210603887
            ],
            [
              250861.5977563775,
              2546646.271060389
            ],
            [
              250862.04775637752,
              2546645.9710603887
            ],
            [
              250862.4977563775,
              2546645.671060389
            ],
            [
              250862.9477563775,
              2546645.3710603886
            ],
            [
              250862.79775637752,
              2546645.521060389
            ],
            [
              250862.3477563775,
              2546645.821060389
            ],
            [
              250862.64775637753,
              2546645.671060389
            ],
            [
              250861.89775637753,
              2546646.1210603886
            ],
            [
              250861.7477563775,
              2546646.271060389
            ],
            [
              250861.4477563775,
              2546646.421060389
            ],
            [
              250861.4477563775,
              2546646.571060389
            ],
            [
              250861.29775637752,
              2546646.571060389
            ],
            [
              250861.14775637753,
              2546646.7210603887
            ],
            [
              250860.39775637753,
              2546647.4710603887
            ],
            [
              250860.2477563775,
              2546647.4710603887
            ],
            [
              250860.39775637753,
              2546647.321060389
            ],
            [
              250860.8477563775,
              2546646.8710603886
            ],
            [
              250860.0977563775,
              2546647.4710603887
            ],
            [
              250860.9977563775,
              2546646.7210603887
            ],
            [
              250860.39775637753,
              2546647.171060389
            ],
            [
              250859.9477563775,
              2546647.4710603887
            ],
            [
              250860.54775637752,
              2546647.021060389
            ],
            [
              250859.4977563775,
              2546647.771060389
            ],
            [
              250860.0977563775,
              2546647.321060389
            ],
            [
              250859.64775637753,
              2546647.6210603886
            ],
            [
              250859.79775637752,
              2546647.4710603887
            ],
            [
              250860.2477563775,
              2546647.171060389
            ],
            [
              250860.6977563775,
              2546646.8710603886
            ],
            [
              250861.14775637753,
              2546646.571060389
            ],
            [
              250859.4977563775,
              2546647.6210603886
            ],
            [
              250860.39775637753,
              2546647.021060389
            ],
            [
              250859.64775637753,
              2546647.4710603887
            ],
            [
              250860.0977563775,
              2546647.171060389
            ],
            [
              250860.8477563775,
              2546646.7210603887
            ],
            [
              250860.54775637752,
              2546646.8710603886
            ],
            [
              250860.9977563775,
              2546646.571060389
            ],
            [
              250861.14775637753,
              2546646.421060389
            ]
          ]
        ]
      },
      "properties": {
        "plane_id": 24,
        "orientation": "vertical",
        "surface_area_m2": 2.273,
        "projected_area_m2": 0.071,
        "tilt_deg": 88.198,
        "grid_azimuth_deg": 34.39,
        "true_azimuth_deg": 33.44,
        "aspect": "NNE",
        "centroid_e": 250861.375,
        "centroid_n": 2546646.4,
        "centroid_z": 84.684,
        "z_min": 81.121,
        "z_max": 85.401,
        "height_above_deck_m": 3.677,
        "n_faces": 527
      }
    },
    {
      "type": "Feature",
      "geometry": {
        "type": "Polygon",
        "coordinates": [
          [
            [
              250857.4884177041,
              2546656.868894662
            ],
            [
              250857.6384177041,
              2546656.868894662
            ],
            [
              250857.3384177041,
              2546656.718894662
            ],
            [
              250857.4884177041,
              2546656.718894662
            ],
            [
              250857.1884177041,
              2546656.5688946615
            ],
            [
              250857.6384177041,
              2546656.718894662
            ],
            [
              250857.3384177041,
              2546656.5688946615
            ],
            [
              250857.4884177041,
              2546656.5688946615
            ],
            [
              250857.6384177041,
              2546656.5688946615
            ],
            [
              250859.28841770408,
              2546656.2688946617
            ],
            [
              250859.28841770408,
              2546656.4188946616
            ],
            [
              250859.28841770408,
              2546656.5688946615
            ],
            [
              250859.28841770408,
              2546656.718894662
            ],
            [
              250859.28841770408,
              2546656.868894662
            ],
            [
              250859.28841770408,
              2546657.0188946617
            ],
            [
              250859.1384177041,
              2546657.0188946617
            ],
            [
              250858.9884177041,
              2546657.0188946617
            ],
            [
              250859.28841770408,
              2546657.1688946616
            ],
            [
              250859.1384177041,
              2546657.1688946616
            ],
            [
              250858.9884177041,
              2546657.1688946616
            ],
            [
              250858.8384177041,
              2546657.1688946616
            ],
            [
              250859.1384177041,
              2546657.3188946615
            ],
            [
              250858.9884177041,
              2546657.3188946615
            ],
            [
              250858.6884177041,
              2546657.1688946616
            ],
            [
              250858.8384177041,
              2546657.3188946615
            ],
            [
              250858.53841770408,
              2546657.1688946616
            ],
            [
              250858.6884177041,
              2546657.3188946615
            ],
            [
              250858.53841770408,
              2546657.3188946615
            ],
            [
              250858.3884177041,
              2546657.1688946616
            ],
            [
              250858.3884177041,
              2546657.3188946615
            ],
            [
              250858.2384177041,
              2546657.3188946615
            ],
            [
              250858.2384177041,
              2546657.1688946616
            ],
            [
              250858.0884177041,
              2546657.3188946615
            ],
            [
              250857.9384177041,
              2546657.3188946615
            ],
            [
              250858.0884177041,
              2546657.1688946616
            ],
            [
              250857.78841770408,
              2546657.3188946615
            ],
            [
              250857.9384177041,
              2546657.1688946616
            ],
            [
              250857.78841770408,
              2546657.1688946616
            ],
            [
              250857.6384177041,
              2546657.1688946616
            ],
            [
              250857.6384177041,
              2546657.0188946617
            ],
            [
              250857.4884177041,
              2546656.868894662
            ]
          ]
        ]
      },
      "properties": {
        "plane_id": 25,
        "orientation": "horizontal",
        "surface_area_m2": 2.239,
        "projected_area_m2": 2.236,
        "tilt_deg": 2.886,
        "grid_azimuth_deg": 62.89,
        "true_azimuth_deg": 61.94,
        "aspect": "ENE",
        "centroid_e": 250860.243,
        "centroid_n": 2546646.248,
        "centroid_z": 82.106,
        "z_min": 81.772,
        "z_max": 82.25,
        "height_above_deck_m": 1.098,
        "n_faces": 866
      }
    },
    {
      "type": "Feature",
      "geometry": {
        "type": "Polygon",
        "coordinates": [
          [
            [
              250856.5884177041,
              2546654.7688946617
            ],
            [
              250856.5884177041,
              2546654.618894662
            ],
            [
              250856.4384177041,
              2546654.3188946615
            ],
            [
              250856.5884177041,
              2546654.468894662
            ],
            [
              250856.4384177041,
              2546654.1688946616
            ],
            [
              250856.4384177041,
              2546654.0188946617
            ],
            [
              250856.5884177041,
              2546654.3188946615
            ],
            [
              250856.4384177041,
              2546653.868894662
            ],
            [
              250857.4884177041,
              2546655.0688946615
            ],
            [
              250857.3384177041,
              2546655.0688946615
            ],
            [
              250857.6384177041,
              2546655.218894662
            ],
            [
              250857.4884177041,
              2546655.218894662
            ],
            [
              250857.1884177041,
              2546655.0688946615
            ],
            [
              250857.3384177041,
              2546655.218894662
            ],
            [
              250857.1884177041,
              2546655.218894662
            ],
            [
              250857.03841770408,
              2546655.0688946615
            ],
            [
              250857.03841770408,
              2546655.218894662
            ],
            [
              250856.8884177041,
              2546655.0688946615
            ],
            [
              250856.8884177041,
              2546655.218894662
            ],
            [
              250856.7384177041,
              2546655.218894662
            ],
            [
              250856.5884177041,
              2546655.368894662
            ],
            [
              250856.7384177041,
              2546655.0688946615
            ],
            [
              250856.5884177041,
              2546655.218894662
            ],
            [
              250856.5884177041,
              2546655.0688946615
            ],
            [
              250856.5884177041,
              2546654.9188946616
            ],
            [
              250856.5884177041,
              2546654.7688946617
            ]
          ]
        ]
      },
      "properties": {
        "plane_id": 25,
        "orientation": "horizontal",
        "surface_area_m2": 2.239,
        "projected_area_m2": 2.236,
        "tilt_deg": 2.886,
        "grid_azimuth_deg": 62.89,
        "true_azimuth_deg": 61.94,
        "aspect": "ENE",
        "centroid_e": 250860.243,
        "centroid_n": 2546646.248,
        "centroid_z": 82.106,
        "z_min": 81.772,
        "z_max": 82.25,
        "height_above_deck_m": 1.098,
        "n_faces": 866
      }
    },
    {
      "type": "Feature",
      "geometry": {
        "type": "Polygon",
        "coordinates": [
          [
            [
              250860.1884177041,
              2546644.4188946616
            ],
            [
              250860.3384177041,
              2546644.4188946616
            ],
            [
              250860.4884177041,
              2546644.4188946616
            ],
            [
              250860.6384177041,
              2546644.4188946616
            ],
            [
              250860.78841770408,
              2546644.4188946616
            ],
            [
              250860.4884177041,
              2546644.2688946617
            ],
            [
              250860.6384177041,
              2546644.2688946617
            ],
            [
              250860.78841770408,
              2546644.2688946617
            ],
            [
              250860.6384177041,
              2546644.118894662
            ],
            [
              250860.9384177041,
              2546644.2688946617
            ],
            [
              250860.78841770408,
              2546644.118894662
            ],
            [
              250861.0884177041,
              2546644.2688946617
            ],
            [
              250860.78841770408,
              2546643.968894662
            ],
            [
              250860.9384177041,
              2546643.968894662
            ],
            [
              250860.9384177041,
              2546643.8188946615
            ],
            [
              250861.2384177041,
              2546644.2688946617
            ],
            [
              250861.0884177041,
              2546643.8188946615
            ],
            [
              250861.0884177041,
              2546643.6688946616
            ],
            [
              250861.2384177041,
              2546643.6688946616
            ],
            [
              250861.3884177041,
              2546643.5188946617
            ],
            [
              250861.3884177041,
              2546643.6688946616
            ],
            [
              250861.53841770408,
              2546643.5188946617
            ],
            [
              250861.6884177041,
              2546643.5188946617
            ],
            [
              250861.3884177041,
              2546644.2688946617
            ],
            [
              250861.6884177041,
              2546643.6688946616
            ],
            [
              250861.8384177041,
              2546643.6688946616
            ],
            [
              250861.9884177041,
              2546643.6688946616
            ],
            [
              250861.9884177041,
              2546643.8188946615
            ],
            [
              250861.53841770408,
              2546644.2688946617
            ],
            [
              250862.1384177041,
              2546643.8188946615
            ],
            [
              250862.1384177041,
              2546643.968894662
            ],
            [
              250861.6884177041,
              2546644.2688946617
            ],
            [
              250862.28841770408,
              2546643.968894662
            ],
            [
              250862.4384177041,
              2546643.968894662
            ],
            [
              250861.8384177041,
              2546644.2688946617
            ],
            [
              250862.4384177041,
              2546644.118894662
            ],
            [
              250861.9884177041,
              2546644.2688946617
            ],
            [
              250862.5884177041,
              2546644.118894662
            ],
            [
              250862.7384177041,
              2546644.118894662
            ],
            [
              250862.7384177041,
              2546644.2688946617
            ],
            [
              250862.8884177041,
              2546644.2688946617
            ],
            [
              250861.9884177041,
              2546644.4188946616
            ],
            [
              250862.8884177041,
              2546644.4188946616
            ],
            [
              250862.8884177041,
              2546644.5688946615
            ],
            [
              250862.1384177041,
              2546644.5688946615
            ],
            [
              250863.1884177041,
              2546644.718894662
            ],
            [
              250863.03841770408,
              2546644.718894662
            ],
            [
              250861.9884177041,
              2546644.5688946615
            ],
            [
              250862.8884177041,
              2546644.718894662
            ],
            [
              250862.7384177041,
              2546644.718894662
            ],
            [
              250862.7384177041,
              2546644.868894662
            ],
            [
              250862.1384177041,
              2546644.718894662
            ],
            [
              250862.7384177041,
              2546645.0188946617
            ],
            [
              250862.28841770408,
              2546644.868894662
            ],
            [
              250862.1384177041,
              2546644.868894662
            ],
            [
              250862.4384177041,
              2546645.0188946617
            ],
            [
              250862.7384177041,
              2546645.1688946616
            ],
            [
              250862.5884177041,
              2546645.1688946616
            ],
            [
              250862.28841770408,
              2546645.0188946617
            ],
            [
              250862.7384177041,
              2546645.3188946615
            ],
            [
              250862.4384177041,
              2546645.1688946616
            ],
            [
              250862.5884177041,
              2546645.3188946615
            ],
            [
              250859.4384177041,
              2546645.3188946615
            ],
            [
              250859.7384177041,
              2546645.1688946616
            ],
            [
              250859.5884177041,
              2546645.1688946616
            ],
            [
              250859.8884177041,
              2546645.0188946617
            ],
            [
              250859.4384177041,
              2546645.1688946616
            ],
            [
              250860.1884177041,
              2546644.868894662
            ],
            [
              250859.7384177041,
              2546645.0188946617
            ],
            [
              250859.5884177041,
              2546645.0188946617
            ],
            [
              250860.03841770408,
              2546644.868894662
            ],
            [
              250859.4384177041,
              2546645.0188946617
            ],
            [
              250859.8884177041,
              2546644.868894662
            ],
            [
              250860.3384177041,
              2546644.718894662
            ],
            [
              250859.7384177041,
              2546644.868894662
            ],
            [
              250859.5884177041,
              2546644.868894662
            ],
            [
              250860.1884177041,
              2546644.718894662
            ],
            [
              250859.8884177041,
              2546644.718894662
            ],
            [
              250859.7384177041,
              2546644.718894662
            ],
            [
              250860.6384177041,
              2546644.5688946615
            ],
            [
              250860.4884177041,
              2546644.5688946615
            ],
            [
              250860.3384177041,
              2546644.5688946615
            ],
            [
              250860.1884177041,
              2546644.5688946615
            ],
            [
              250860.03841770408,
              2546644.5688946615
            ],
            [
              250859.8884177041,
              2546644.5688946615
            ],
            [
              250860.1884177041,
              2546644.4188946616
            ]
          ]
        ]
      },
      "properties": {
        "plane_id": 25,
        "orientation": "horizontal",
        "surface_area_m2": 2.239,
        "projected_area_m2": 2.236,
        "tilt_deg": 2.886,
        "grid_azimuth_deg": 62.89,
        "true_azimuth_deg": 61.94,
        "aspect": "ENE",
        "centroid_e": 250860.243,
        "centroid_n": 2546646.248,
        "centroid_z": 82.106,
        "z_min": 81.772,
        "z_max": 82.25,
        "height_above_deck_m": 1.098,
        "n_faces": 866
      }
    },
    {
      "type": "Feature",
      "geometry": {
        "type": "Polygon",
        "coordinates": [
          [
            [
              250860.1796864903,
              2546649.1214009956
            ],
            [
              250860.3296864903,
              2546649.1214009956
            ],
            [
              250860.7796864903,
              2546649.1214009956
            ],
            [
              250860.9296864903,
              2546649.1214009956
            ],
            [
              250861.0796864903,
              2546649.1214009956
            ],
            [
              250861.2296864903,
              2546649.1214009956
            ],
            [
              250861.3796864903,
              2546649.1214009956
            ],
            [
              250861.5296864903,
              2546649.1214009956
            ],
            [
              250860.1796864903,
              2546648.9714009957
            ],
            [
              250861.6796864903,
              2546649.1214009956
            ],
            [
              250860.9296864903,
              2546648.9714009957
            ],
            [
              250861.8296864903,
              2546649.1214009956
            ],
            [
              250860.1796864903,
              2546648.8214009954
            ],
            [
              250861.0796864903,
              2546648.9714009957
            ],
            [
              250860.1796864903,
              2546648.6714009955
            ],
            [
              250860.3296864903,
              2546648.6714009955
            ],
            [
              250860.9296864903,
              2546648.8214009954
            ],
            [
              250860.3296864903,
              2546648.5214009956
            ],
            [
              250860.7796864903,
              2546648.6714009955
            ],
            [
              250860.4796864903,
              2546648.5214009956
            ],
            [
              250860.9296864903,
              2546648.6714009955
            ],
            [
              250860.6296864903,
              2546648.5214009956
            ],
            [
              250860.3296864903,
              2546648.3714009956
            ],
            [
              250860.7796864903,
              2546648.5214009956
            ],
            [
              250861.9796864903,
              2546649.1214009956
            ],
            [
              250862.2796864903,
              2546648.3714009956
            ],
            [
              250862.2796864903,
              2546648.5214009956
            ],
            [
              250862.2796864903,
              2546648.6714009955
            ],
            [
              250862.4296864903,
              2546648.3714009956
            ],
            [
              250862.4296864903,
              2546648.5214009956
            ],
            [
              250862.5796864903,
              2546648.3714009956
            ],
            [
              250862.2796864903,
              2546648.8214009954
            ],
            [
              250862.5796864903,
              2546648.5214009956
            ],
            [
              250862.7296864903,
              2546648.3714009956
            ],
            [
              250862.8796864903,
              2546648.3714009956
            ],
            [
              250862.7296864903,
              2546648.5214009956
            ],
            [
              250862.2796864903,
              2546648.9714009957
            ],
            [
              250863.0296864903,
              2546648.3714009956
            ],
            [
              250862.8796864903,
              2546648.5214009956
            ],
            [
              250863.1796864903,
              2546648.3714009956
            ],
            [
              250863.0296864903,
              2546648.5214009956
            ],
            [
              250863.3296864903,
              2546648.3714009956
            ],
            [
              250863.1796864903,
              2546648.5214009956
            ],
            [
              250863.4796864903,
              2546648.3714009956
            ],
            [
              250863.6296864903,
              2546648.3714009956
            ],
            [
              250863.3296864903,
              2546648.5214009956
            ],
            [
              250862.1296864903,
              2546649.1214009956
            ],
            [
              250863.7796864903,
              2546648.3714009956
            ],
            [
              250863.4796864903,
              2546648.5214009956
            ],
            [
              250863.6296864903,
              2546648.5214009956
            ],
            [
              250863.7796864903,
              2546648.5214009956
            ],
            [
              250863.9296864903,
              2546648.5214009956
            ],
            [
              250863.6296864903,
              2546648.6714009955
            ],
            [
              250863.7796864903,
              2546648.6714009955
            ],
            [
              250863.9296864903,
              2546648.6714009955
            ],
            [
              250863.6296864903,
              2546648.8214009954
            ],
            [
              250862.2796864903,
              2546649.1214009956
            ],
            [
              250863.6296864903,
              2546648.9714009957
            ],
            [
              250863.6296864903,
              2546649.1214009956
            ],
            [
              250863.6296864903,
              2546649.2714009956
            ],
            [
              250862.2796864903,
              2546649.2714009956
            ],
            [
              250863.1796864903,
              2546649.7214009957
            ],
            [
              250863.0296864903,
              2546649.7214009957
            ],
            [
              250863.1796864903,
              2546649.8714009956
            ],
            [
              250862.8796864903,
              2546649.7214009957
            ],
            [
              250863.0296864903,
              2546649.8714009956
            ],
            [
              250862.7296864903,
              2546649.7214009957
            ],
            [
              250862.8796864903,
              2546649.8714009956
            ],
            [
              250862.7296864903,
              2546649.8714009956
            ],
            [
              250862.5796864903,
              2546649.7214009957
            ],
            [
              250862.2796864903,
              2546649.4214009955
            ],
            [
              250862.5796864903,
              2546649.8714009956
            ],
            [
              250862.1296864903,
              2546649.2714009956
            ],
            [
              250862.4296864903,
              2546649.7214009957
            ],
            [
              250862.2796864903,
              2546649.5714009954
            ],
            [
              250862.4296864903,
              2546649.8714009956
            ],
            [
              250862.4296864903,
              2546650.0214009956
            ],
            [
              250862.2796864903,
              2546649.7214009957
            ],
            [
              250862.4296864903,
              2546650.1714009955
            ],
            [
              250862.4296864903,
              2546650.3214009954
            ],
            [
              250862.1296864903,
              2546649.4214009955
            ],
            [
              250862.4296864903,
              2546650.4714009957
            ],
            [
              250862.2796864903,
              2546650.0214009956
            ],
            [
              250862.2796864903,
              2546650.1714009955
            ],
            [
              250862.2796864903,
              2546650.3214009954
            ],
            [
              250862.1296864903,
              2546649.5714009954
            ],
            [
              250862.2796864903,
              2546650.4714009957
            ],
            [
              250862.1296864903,
              2546649.7214009957
            ],
            [
              250862.1296864903,
              2546649.8714009956
            ],
            [
              250862.1296864903,
              2546650.0214009956
            ],
            [
              250860.7796864903,
              2546650.0214009956
            ],
            [
              250860.7796864903,
              2546649.8714009956
            ],
            [
              250860.6296864903,
              2546649.8714009956
            ],
            [
              250860.7796864903,
              2546649.7214009957
            ],
            [
              250860.6296864903,
              2546649.7214009957
            ],
            [
              250860.7796864903,
              2546649.5714009954
            ],
            [
              250860.6296864903,
              2546649.5714009954
            ],
            [
              250860.4796864903,
              2546649.5714009954
            ],
            [
              250860.7796864903,
              2546649.4214009955
            ],
            [
              250860.4796864903,
              2546649.4214009955
            ],
            [
              250860.3296864903,
              2546649.4214009955
            ],
            [
              250860.7796864903,
              2546649.2714009956
            ],
            [
              250860.3296864903,
              2546649.2714009956
            ],
            [
              250860.1796864903,
              2546649.1214009956
            ]
          ]
        ]
      },
      "properties": {
        "plane_id": 26,
        "orientation": "vertical",
        "surface_area_m2": 2.107,
        "projected_area_m2": 0.12,
        "tilt_deg": 86.727,
        "grid_azimuth_deg": 282.28,
        "true_azimuth_deg": 281.33,
        "aspect": "WNW",
        "centroid_e": 250862.366,
        "centroid_n": 2546649.554,
        "centroid_z": 82.819,
        "z_min": 81.191,
        "z_max": 85.688,
        "height_above_deck_m": 1.811,
        "n_faces": 563
      }
    },
    {
      "type": "Feature",
      "geometry": {
        "type": "Polygon",
        "coordinates": [
          [
            [
              250853.40716676507,
              2546650.0084706033
            ],
            [
              250853.10716676508,
              2546649.558470603
            ],
            [
              250852.8071667651,
              2546649.108470603
            ],
            [
              250853.25716676508,
              2546649.708470603
            ],
            [
              250852.9571667651,
              2546649.2584706033
            ],
            [
              250852.8071667651,
              2546648.958470603
            ],
            [
              250853.10716676508,
              2546649.408470603
            ],
            [
              250852.9571667651,
              2546649.108470603
            ],
            [
              250852.8071667651,
              2546648.808470603
            ],
            [
              250853.40716676507,
              2546649.858470603
            ],
            [
              250853.25716676508,
              2546649.558470603
            ],
            [
              250853.10716676508,
              2546649.2584706033
            ],
            [
              250853.40716676507,
              2546649.708470603
            ],
            [
              250853.5571667651,
              2546650.0084706033
            ],
            [
              250853.7071667651,
              2546650.158470603
            ],
            [
              250853.85716676508,
              2546650.458470603
            ],
            [
              250853.7071667651,
              2546650.308470603
            ],
            [
              250854.15716676507,
              2546650.908470603
            ],
            [
              250854.00716676508,
              2546650.7584706033
            ],
            [
              250854.15716676507,
              2546651.058470603
            ],
            [
              250853.85716676508,
              2546650.608470603
            ],
            [
              250854.00716676508,
              2546650.908470603
            ],
            [
              250854.15716676507,
              2546651.208470603
            ],
            [
              250854.15716676507,
              2546651.358470603
            ],
            [
              250854.00716676508,
              2546651.058470603
            ],
            [
              250853.85716676508,
              2546650.7584706033
            ],
            [
              250853.7071667651,
              2546650.458470603
            ],
            [
              250853.85716676508,
              2546650.908470603
            ],
            [
              250853.5571667651,
              2546650.158470603
            ],
            [
              250853.7071667651,
              2546650.608470603
            ],
            [
              250853.40716676507,
              2546650.0084706033
            ]
          ]
        ]
      },
      "properties": {
        "plane_id": 27,
        "orientation": "vertical",
        "surface_area_m2": 1.926,
        "projected_area_m2": 0.006,
        "tilt_deg": 89.823,
        "grid_azimuth_deg": 122.83,
        "true_azimuth_deg": 121.88,
        "aspect": "ESE",
        "centroid_e": 250853.376,
        "centroid_n": 2546649.826,
        "centroid_z": 81.755,
        "z_min": 81.096,
        "z_max": 82.185,
        "height_above_deck_m": 0.748,
        "n_faces": 666
      }
    },
    {
      "type": "Feature",
      "geometry": {
        "type": "Polygon",
        "coordinates": [
          [
            [
              250858.4254994335,
              2546645.9990585363
            ],
            [
              250858.5754994335,
              2546645.9990585363
            ],
            [
              250858.7254994335,
              2546645.8490585363
            ],
            [
              250858.87549943352,
              2546645.6990585364
            ],
            [
              250859.0254994335,
              2546645.549058536
            ],
            [
              250859.4754994335,
              2546645.2490585363
            ],
            [
              250859.3254994335,
              2546645.399058536
            ],
            [
              250859.1754994335,
              2546645.549058536
            ],
            [
              250859.0254994335,
              2546645.6990585364
            ],
            [
              250858.87549943352,
              2546645.8490585363
            ],
            [
              250859.62549943352,
              2546645.2490585363
            ],
            [
              250860.37549943352,
              2546644.649058536
            ],
            [
              250860.2254994335,
              2546644.799058536
            ],
            [
              250859.4754994335,
              2546645.399058536
            ],
            [
              250860.0754994335,
              2546644.9490585364
            ],
            [
              250860.6754994335,
              2546644.4990585363
            ],
            [
              250861.2754994335,
              2546644.049058536
            ],
            [
              250861.12549943352,
              2546644.1990585364
            ],
            [
              250860.5254994335,
              2546644.649058536
            ],
            [
              250859.9254994335,
              2546645.0990585363
            ],
            [
              250860.9754994335,
              2546644.3490585363
            ],
            [
              250859.3254994335,
              2546645.549058536
            ],
            [
              250860.37549943352,
              2546644.799058536
            ],
            [
              250861.4254994335,
              2546644.049058536
            ],
            [
              250860.8254994335,
              2546644.4990585363
            ],
            [
              250859.7754994335,
              2546645.2490585363
            ],
            [
              250861.2754994335,
              2546644.1990585364
            ],
            [
              250860.2254994335,
              2546644.9490585364
            ],
            [
              250860.6754994335,
              2546644.649058536
            ],
            [
              250861.12549943352,
              2546644.3490585363
            ],
            [
              250861.5754994335,
              2546644.049058536
            ],
            [
              250861.4254994335,
              2546644.1990585364
            ],
            [
              250860.9754994335,
              2546644.4990585363
            ],
            [
              250860.5254994335,
              2546644.799058536
            ],
            [
              250860.0754994335,
              2546645.0990585363
            ],
            [
              250859.62549943352,
              2546645.399058536
            ],
            [
              250861.2754994335,
              2546644.3490585363
            ],
            [
              250860.8254994335,
              2546644.649058536
            ],
            [
              250860.37549943352,
              2546644.9490585364
            ],
            [
              250861.5754994335,
              2546644.1990585364
            ],
            [
              250861.12549943352,
              2546644.4990585363
            ],
            [
              250859.9254994335,
              2546645.2490585363
            ],
            [
              250860.2254994335,
              2546645.0990585363
            ],
            [
              250859.4754994335,
              2546645.549058536
            ],
            [
              250859.7754994335,
              2546645.399058536
            ],
            [
              250860.0754994335,
              2546645.2490585363
            ],
            [
              250859.62549943352,
              2546645.549058536
            ],
            [
              250859.3254994335,
              2546645.6990585364
            ],
            [
              250859.0254994335,
              2546645.8490585363
            ],
            [
              250859.4754994335,
              2546645.6990585364
            ],
            [
              250858.7254994335,
              2546645.9990585363
            ],
            [
              250859.1754994335,
              2546645.8490585363
            ],
            [
              250859.3254994335,
              2546645.8490585363
            ],
            [
              250858.87549943352,
              2546645.9990585363
            ],
            [
              250859.0254994335,
              2546645.9990585363
            ],
            [
              250858.7254994335,
              2546646.149058536
            ],
            [
              250858.5754994335,
              2546646.299058536
            ],
            [
              250858.5754994335,
              2546646.149058536
            ],
            [
              250858.4254994335,
              2546646.299058536
            ],
            [
              250858.2754994335,
              2546646.4490585364
            ],
            [
              250858.12549943352,
              2546646.5990585363
            ],
            [
              250857.6754994335,
              2546646.899058536
            ],
            [
              250857.8254994335,
              2546646.7490585363
            ],
            [
              250857.9754994335,
              2546646.5990585363
            ],
            [
              250856.4754994335,
              2546647.799058536
            ],
            [
              250856.62549943352,
              2546647.649058536
            ],
            [
              250857.37549943352,
              2546647.049058536
            ],
            [
              250858.12549943352,
              2546646.4490585364
            ],
            [
              250856.7754994335,
              2546647.4990585363
            ],
            [
              250857.5254994335,
              2546646.899058536
            ],
            [
              250856.9254994335,
              2546647.3490585363
            ],
            [
              250856.3254994335,
              2546647.799058536
            ],
            [
              250856.4754994335,
              2546647.649058536
            ],
            [
              250857.0754994335,
              2546647.1990585364
            ],
            [
              250857.6754994335,
              2546646.7490585363
            ],
            [
              250856.62549943352,
              2546647.4990585363
            ],
            [
              250856.1754994335,
              2546647.799058536
            ],
            [
              250857.2254994335,
              2546647.049058536
            ],
            [
              250856.7754994335,
              2546647.3490585363
            ],
            [
              250858.2754994335,
              2546646.299058536
            ],
            [
              250856.3254994335,
              2546647.649058536
            ],
            [
              250857.8254994335,
              2546646.5990585363
            ],
            [
              250857.37549943352,
              2546646.899058536
            ],
            [
              250856.9254994335,
              2546647.1990585364
            ],
            [
              250856.4754994335,
              2546647.4990585363
            ],
            [
              250856.0254994335,
              2546647.799058536
            ],
            [
              250856.1754994335,
              2546647.649058536
            ],
            [
              250856.62549943352,
              2546647.3490585363
            ],
            [
              250857.0754994335,
              2546647.049058536
            ],
            [
              250855.87549943352,
              2546647.799058536
            ],
            [
              250857.5254994335,
              2546646.7490585363
            ],
            [
              250856.3254994335,
              2546647.4990585363
            ],
            [
              250856.7754994335,
              2546647.1990585364
            ],
            [
              250856.0254994335,
              2546647.649058536
            ],
            [
              250857.9754994335,
              2546646.4490585364
            ],
            [
              250857.2254994335,
              2546646.899058536
            ],
            [
              250856.4754994335,
              2546647.3490585363
            ],
            [
              250856.9254994335,
              2546647.049058536
            ],
            [
              250857.6754994335,
              2546646.5990585363
            ],
            [
              250856.62549943352,
              2546647.1990585364
            ],
            [
              250857.37549943352,
              2546646.7490585363
            ],
            [
              250858.4254994335,
              2546646.149058536
            ],
            [
              250858.12549943352,
              2546646.299058536
            ],
            [
              250857.8254994335,
              2546646.4490585364
            ],
            [
              250857.9754994335,
              2546646.299058536
            ],
            [
              250858.2754994335,
              2546646.149058536
            ],
            [
              250858.12549943352,
              2546646.149058536
            ],
            [
              250858.4254994335,
              2546645.9990585363
            ]
          ]
        ]
      },
      "properties": {
        "plane_id": 28,
        "orientation": "sloped",
        "surface_area_m2": 1.711,
        "projected_area_m2": 1.582,
        "tilt_deg": 22.318,
        "grid_azimuth_deg": 32.71,
        "true_azimuth_deg": 31.76,
        "aspect": "NNE",
        "centroid_e": 250858.495,
        "centroid_n": 2546646.146,
        "centroid_z": 81.077,
        "z_min": 81.007,
        "z_max": 81.16,
        "height_above_deck_m": 0.07,
        "n_faces": 519
      }
    },
    {
      "type": "Feature",
      "geometry": {
        "type": "Polygon",
        "coordinates": [
          [
            [
              250860.12071745534,
              2546648.949585579
            ],
            [
              250859.97071745535,
              2546648.799585579
            ],
            [
              250860.12071745534,
              2546648.799585579
            ],
            [
              250859.67071745536,
              2546648.4995855787
            ],
            [
              250859.97071745535,
              2546648.6495855786
            ],
            [
              250859.82071745535,
              2546648.4995855787
            ],
            [
              250859.97071745535,
              2546648.4995855787
            ],
            [
              250860.12071745534,
              2546648.4995855787
            ],
            [
              250860.12071745534,
              2546648.349585579
            ],
            [
              250860.27071745534,
              2546648.4995855787
            ],
            [
              250860.12071745534,
              2546648.199585579
            ],
            [
              250860.12071745534,
              2546648.049585579
            ],
            [
              250860.12071745534,
              2546647.8995855786
            ],
            [
              250860.12071745534,
              2546647.7495855787
            ],
            [
              250860.12071745534,
              2546647.599585579
            ],
            [
              250860.42071745536,
              2546648.4995855787
            ],
            [
              250860.12071745534,
              2546647.449585579
            ],
            [
              250860.57071745535,
              2546648.6495855786
            ],
            [
              250860.57071745535,
              2546648.4995855787
            ],
            [
              250860.72071745535,
              2546648.6495855786
            ],
            [
              250860.87071745534,
              2546648.6495855786
            ],
            [
              250861.02071745534,
              2546648.6495855786
            ],
            [
              250861.02071745534,
              2546648.799585579
            ],
            [
              250861.02071745534,
              2546648.949585579
            ],
            [
              250861.32071745535,
              2546649.099585579
            ],
            [
              250861.17071745536,
              2546649.099585579
            ],
            [
              250861.02071745534,
              2546649.099585579
            ],
            [
              250861.32071745535,
              2546649.2495855787
            ],
            [
              250861.32071745535,
              2546649.3995855786
            ],
            [
              250861.62071745534,
              2546649.699585579
            ],
            [
              250861.32071745535,
              2546649.549585579
            ],
            [
              250861.47071745535,
              2546649.699585579
            ],
            [
              250861.32071745535,
              2546649.699585579
            ],
            [
              250861.17071745536,
              2546649.699585579
            ],
            [
              250861.02071745534,
              2546649.699585579
            ],
            [
              250860.87071745534,
              2546649.699585579
            ],
            [
              250860.87071745534,
              2546649.849585579
            ],
            [
              250860.87071745534,
              2546649.9995855787
            ],
            [
              250860.87071745534,
              2546650.1495855786
            ],
            [
              250860.72071745535,
              2546649.9995855787
            ],
            [
              250860.72071745535,
              2546650.1495855786
            ],
            [
              250860.57071745535,
              2546649.9995855787
            ],
            [
              250860.57071745535,
              2546649.849585579
            ],
            [
              250860.57071745535,
              2546649.699585579
            ],
            [
              250860.42071745536,
              2546649.699585579
            ],
            [
              250860.42071745536,
              2546649.549585579
            ],
            [
              250860.27071745534,
              2546649.549585579
            ],
            [
              250860.27071745534,
              2546649.3995855786
            ],
            [
              250860.27071745534,
              2546649.2495855787
            ],
            [
              250860.12071745534,
              2546649.2495855787
            ],
            [
              250860.12071745534,
              2546649.099585579
            ],
            [
              250860.12071745534,
              2546648.949585579
            ]
          ]
        ]
      },
      "properties": {
        "plane_id": 30,
        "orientation": "vertical",
        "surface_area_m2": 1.686,
        "projected_area_m2": 0.287,
        "tilt_deg": 80.212,
        "grid_azimuth_deg": 328.58,
        "true_azimuth_deg": 327.63,
        "aspect": "NNW",
        "centroid_e": 250862.705,
        "centroid_n": 2546647.697,
        "centroid_z": 83.459,
        "z_min": 81.11,
        "z_max": 85.688,
        "height_above_deck_m": 2.451,
        "n_faces": 470
      }
    },
    {
      "type": "Feature",
      "geometry": {
        "type": "Polygon",
        "coordinates": [
          [
            [
              250862.82071745535,
              2546646.2495855787
            ],
            [
              250862.82071745535,
              2546646.099585579
            ],
            [
              250862.82071745535,
              2546645.949585579
            ],
            [
              250862.82071745535,
              2546645.799585579
            ],
            [
              250862.97071745535,
              2546645.799585579
            ],
            [
              250862.97071745535,
              2546645.949585579
            ],
            [
              250863.12071745534,
              2546645.949585579
            ],
            [
              250863.12071745534,
              2546646.099585579
            ],
            [
              250863.12071745534,
              2546646.2495855787
            ],
            [
              250863.27071745534,
              2546646.2495855787
            ],
            [
              250863.42071745536,
              2546646.3995855786
            ],
            [
              250863.27071745534,
              2546646.3995855786
            ],
            [
              250863.12071745534,
              2546646.3995855786
            ],
            [
              250862.97071745535,
              2546646.3995855786
            ],
            [
              250862.82071745535,
              2546646.3995855786
            ],
            [
              250862.37071745534,
              2546646.699585579
            ],
            [
              250862.67071745536,
              2546646.3995855786
            ],
            [
              250862.22071745535,
              2546646.699585579
            ],
            [
              250862.37071745534,
              2546646.549585579
            ],
            [
              250862.22071745535,
              2546646.549585579
            ],
            [
              250862.52071745534,
              2546646.3995855786
            ],
            [
              250862.37071745534,
              2546646.3995855786
            ],
            [
              250862.82071745535,
              2546646.2495855787
            ]
          ]
        ]
      },
      "properties": {
        "plane_id": 30,
        "orientation": "vertical",
        "surface_area_m2": 1.686,
        "projected_area_m2": 0.287,
        "tilt_deg": 80.212,
        "grid_azimuth_deg": 328.58,
        "true_azimuth_deg": 327.63,
        "aspect": "NNW",
        "centroid_e": 250862.705,
        "centroid_n": 2546647.697,
        "centroid_z": 83.459,
        "z_min": 81.11,
        "z_max": 85.688,
        "height_above_deck_m": 2.451,
        "n_faces": 470
      }
    },
    {
      "type": "Feature",
      "geometry": {
        "type": "Polygon",
        "coordinates": [
          [
            [
              250866.9015541306,
              2546651.682908485
            ],
            [
              250866.7515541306,
              2546651.5329084853
            ],
            [
              250866.6015541306,
              2546651.382908485
            ],
            [
              250866.1515541306,
              2546650.7829084853
            ],
            [
              250866.3015541306,
              2546650.932908485
            ],
            [
              250865.8515541306,
              2546650.332908485
            ],
            [
              250866.45155413062,
              2546651.082908485
            ],
            [
              250866.0015541306,
              2546650.482908485
            ],
            [
              250865.70155413062,
              2546650.0329084853
            ],
            [
              250866.1515541306,
              2546650.632908485
            ],
            [
              250866.6015541306,
              2546651.232908485
            ],
            [
              250865.8515541306,
              2546650.182908485
            ],
            [
              250866.3015541306,
              2546650.7829084853
            ],
            [
              250866.0015541306,
              2546650.332908485
            ],
            [
              250865.70155413062,
              2546649.882908485
            ],
            [
              250865.8515541306,
              2546650.0329084853
            ],
            [
              250866.1515541306,
              2546650.482908485
            ],
            [
              250866.45155413062,
              2546650.932908485
            ],
            [
              250866.7515541306,
              2546651.382908485
            ],
            [
              250866.0015541306,
              2546650.182908485
            ],
            [
              250866.3015541306,
              2546650.632908485
            ],
            [
              250866.1515541306,
              2546650.332908485
            ],
            [
              250866.6015541306,
              2546651.082908485
            ],
            [
              250866.45155413062,
              2546650.7829084853
            ],
            [
              250866.7515541306,
              2546651.232908485
            ],
            [
              250866.9015541306,
              2546651.5329084853
            ],
            [
              250866.9015541306,
              2546651.382908485
            ],
            [
              250867.0515541306,
              2546651.682908485
            ],
            [
              250867.3515541306,
              2546652.132908485
            ],
            [
              250867.20155413062,
              2546651.982908485
            ],
            [
              250867.8015541306,
              2546652.732908485
            ],
            [
              250867.0515541306,
              2546651.832908485
            ],
            [
              250867.6515541306,
              2546652.582908485
            ],
            [
              250868.1015541306,
              2546653.182908485
            ],
            [
              250867.5015541306,
              2546652.432908485
            ],
            [
              250867.95155413062,
              2546653.0329084853
            ],
            [
              250868.4015541306,
              2546653.632908485
            ],
            [
              250868.2515541306,
              2546653.482908485
            ],
            [
              250867.8015541306,
              2546652.882908485
            ],
            [
              250868.1015541306,
              2546653.332908485
            ],
            [
              250867.3515541306,
              2546652.2829084853
            ],
            [
              250867.6515541306,
              2546652.732908485
            ],
            [
              250867.95155413062,
              2546653.182908485
            ],
            [
              250868.2515541306,
              2546653.632908485
            ],
            [
              250868.1015541306,
              2546653.482908485
            ],
            [
              250867.8015541306,
              2546653.0329084853
            ],
            [
              250867.5015541306,
              2546652.582908485
            ],
            [
              250867.95155413062,
              2546653.332908485
            ],
            [
              250867.6515541306,
              2546652.882908485
            ],
            [
              250867.20155413062,
              2546652.132908485
            ],
            [
              250867.3515541306,
              2546652.432908485
            ],
            [
              250867.20155413062,
              2546652.2829084853
            ],
            [
              250867.0515541306,
              2546651.982908485
            ],
            [
              250866.9015541306,
              2546651.832908485
            ],
            [
              250866.9015541306,
              2546651.682908485
            ]
          ]
        ]
      },
      "properties": {
        "plane_id": 31,
        "orientation": "sloped",
        "surface_area_m2": 1.61,
        "projected_area_m2": 1.454,
        "tilt_deg": 25.479,
        "grid_azimuth_deg": 305.75,
        "true_azimuth_deg": 304.8,
        "aspect": "NW",
        "centroid_e": 250865.096,
        "centroid_n": 2546649.488,
        "centroid_z": 84.402,
        "z_min": 80.906,
        "z_max": 84.701,
        "height_above_deck_m": 3.395,
        "n_faces": 569
      }
    },
    {
      "type": "Feature",
      "geometry": {
        "type": "Polygon",
        "coordinates": [
          [
            [
              250864.95155413062,
              2546648.832908485
            ],
            [
              250864.8015541306,
              2546648.682908485
            ],
            [
              250864.6515541306,
              2546648.5329084853
            ],
            [
              250864.6515541306,
              2546648.382908485
            ],
            [
              250864.8015541306,
              2546648.5329084853
            ],
            [
              250864.95155413062,
              2546648.682908485
            ],
            [
              250864.6515541306,
              2546648.232908485
            ],
            [
              250864.8015541306,
              2546648.232908485
            ],
            [
              250864.95155413062,
              2546648.232908485
            ],
            [
              250865.1015541306,
              2546648.232908485
            ],
            [
              250865.1015541306,
              2546648.382908485
            ],
            [
              250865.1015541306,
              2546648.5329084853
            ],
            [
              250865.1015541306,
              2546648.682908485
            ],
            [
              250865.1015541306,
              2546648.832908485
            ],
            [
              250865.2515541306,
              2546648.982908485
            ],
            [
              250865.5515541306,
              2546649.432908485
            ],
            [
              250865.4015541306,
              2546649.2829084853
            ],
            [
              250865.5515541306,
              2546649.582908485
            ],
            [
              250865.2515541306,
              2546649.132908485
            ],
            [
              250865.4015541306,
              2546649.432908485
            ],
            [
              250865.4015541306,
              2546649.582908485
            ],
            [
              250865.2515541306,
              2546649.2829084853
            ],
            [
              250865.2515541306,
              2546649.432908485
            ],
            [
              250865.1015541306,
              2546648.982908485
            ],
            [
              250865.1015541306,
              2546649.132908485
            ],
            [
              250864.95155413062,
              2546648.982908485
            ],
            [
              250864.95155413062,
              2546648.832908485
            ]
          ]
        ]
      },
      "properties": {
        "plane_id": 31,
        "orientation": "sloped",
        "surface_area_m2": 1.61,
        "projected_area_m2": 1.454,
        "tilt_deg": 25.479,
        "grid_azimuth_deg": 305.75,
        "true_azimuth_deg": 304.8,
        "aspect": "NW",
        "centroid_e": 250865.096,
        "centroid_n": 2546649.488,
        "centroid_z": 84.402,
        "z_min": 80.906,
        "z_max": 84.701,
        "height_above_deck_m": 3.395,
        "n_faces": 569
      }
    },
    {
      "type": "Feature",
      "geometry": {
        "type": "Polygon",
        "coordinates": [
          [
            [
              250863.3015541306,
              2546646.432908485
            ],
            [
              250863.1515541306,
              2546646.2829084853
            ],
            [
              250862.8515541306,
              2546645.982908485
            ],
            [
              250863.0015541306,
              2546646.132908485
            ],
            [
              250862.70155413062,
              2546645.682908485
            ],
            [
              250862.8515541306,
              2546645.832908485
            ],
            [
              250863.0015541306,
              2546645.982908485
            ],
            [
              250862.70155413062,
              2546645.5329084853
            ],
            [
              250862.8515541306,
              2546645.682908485
            ],
            [
              250863.1515541306,
              2546646.132908485
            ],
            [
              250862.70155413062,
              2546645.382908485
            ],
            [
              250863.0015541306,
              2546645.832908485
            ],
            [
              250862.8515541306,
              2546645.5329084853
            ],
            [
              250862.70155413062,
              2546645.232908485
            ],
            [
              250862.8515541306,
              2546645.382908485
            ],
            [
              250863.1515541306,
              2546645.982908485
            ],
            [
              250863.3015541306,
              2546646.2829084853
            ],
            [
              250862.8515541306,
              2546645.232908485
            ],
            [
              250863.45155413062,
              2546646.432908485
            ],
            [
              250863.7515541306,
              2546646.882908485
            ],
            [
              250863.6015541306,
              2546646.732908485
            ],
            [
              250863.45155413062,
              2546646.582908485
            ],
            [
              250864.0515541306,
              2546647.332908485
            ],
            [
              250863.9015541306,
              2546647.182908485
            ],
            [
              250864.3515541306,
              2546647.7829084853
            ],
            [
              250864.20155413062,
              2546647.632908485
            ],
            [
              250863.7515541306,
              2546647.0329084853
            ],
            [
              250864.0515541306,
              2546647.482908485
            ],
            [
              250864.3515541306,
              2546647.932908485
            ],
            [
              250864.20155413062,
              2546647.7829084853
            ],
            [
              250863.9015541306,
              2546647.332908485
            ],
            [
              250864.0515541306,
              2546647.632908485
            ],
            [
              250864.20155413062,
              2546647.932908485
            ],
            [
              250863.6015541306,
              2546646.882908485
            ],
            [
              250863.7515541306,
              2546647.182908485
            ],
            [
              250863.6015541306,
              2546647.0329084853
            ],
            [
              250863.45155413062,
              2546646.732908485
            ],
            [
              250863.45155413062,
              2546646.882908485
            ],
            [
              250863.3015541306,
              2546646.582908485
            ],
            [
              250863.3015541306,
              2546646.432908485
            ]
          ]
        ]
      },
      "properties": {
        "plane_id": 31,
        "orientation": "sloped",
        "surface_area_m2": 1.61,
        "projected_area_m2": 1.454,
        "tilt_deg": 25.479,
        "grid_azimuth_deg": 305.75,
        "true_azimuth_deg": 304.8,
        "aspect": "NW",
        "centroid_e": 250865.096,
        "centroid_n": 2546649.488,
        "centroid_z": 84.402,
        "z_min": 80.906,
        "z_max": 84.701,
        "height_above_deck_m": 3.395,
        "n_faces": 569
      }
    },
    {
      "type": "Feature",
      "geometry": {
        "type": "Polygon",
        "coordinates": [
          [
            [
              250855.36946370764,
              2546652.24435433
            ],
            [
              250854.16946370763,
              2546651.19435433
            ],
            [
              250853.86946370764,
              2546650.89435433
            ],
            [
              250854.31946370762,
              2546651.19435433
            ],
            [
              250854.16946370763,
              2546651.0443543303
            ],
            [
              250854.01946370763,
              2546650.89435433
            ],
            [
              250853.86946370764,
              2546650.74435433
            ],
            [
              250853.71946370765,
              2546650.59435433
            ],
            [
              250853.71946370765,
              2546650.44435433
            ],
            [
              250853.86946370764,
              2546650.59435433
            ],
            [
              250854.01946370763,
              2546650.74435433
            ],
            [
              250854.16946370763,
              2546650.89435433
            ],
            [
              250854.46946370765,
              2546651.19435433
            ],
            [
              250853.71946370765,
              2546650.2943543303
            ],
            [
              250853.86946370764,
              2546650.44435433
            ],
            [
              250854.31946370762,
              2546650.89435433
            ],
            [
              250853.71946370765,
              2546650.14435433
            ],
            [
              250854.61946370764,
              2546651.19435433
            ],
            [
              250854.46946370765,
              2546650.89435433
            ],
            [
              250854.76946370763,
              2546651.19435433
            ],
            [
              250855.36946370764,
              2546652.09435433
            ],
            [
              250854.61946370764,
              2546650.89435433
            ],
            [
              250854.91946370763,
              2546651.19435433
            ],
            [
              250854.76946370763,
              2546650.89435433
            ],
            [
              250854.91946370763,
              2546651.0443543303
            ],
            [
              250855.06946370762,
              2546651.34435433
            ],
            [
              250855.21946370765,
              2546651.64435433
            ],
            [
              250854.91946370763,
              2546650.89435433
            ],
            [
              250855.06946370762,
              2546651.19435433
            ],
            [
              250855.36946370764,
              2546651.94435433
            ],
            [
              250855.21946370765,
              2546651.49435433
            ],
            [
              250855.06946370762,
              2546651.0443543303
            ],
            [
              250855.21946370765,
              2546651.34435433
            ],
            [
              250855.36946370764,
              2546651.7943543303
            ],
            [
              250855.36946370764,
              2546651.64435433
            ],
            [
              250855.36946370764,
              2546651.49435433
            ],
            [
              250855.51946370763,
              2546651.94435433
            ],
            [
              250855.51946370763,
              2546652.09435433
            ],
            [
              250855.66946370763,
              2546652.09435433
            ],
            [
              250855.66946370763,
              2546652.24435433
            ],
            [
              250855.81946370762,
              2546652.39435433
            ],
            [
              250855.66946370763,
              2546652.39435433
            ],
            [
              250856.11946370764,
              2546652.69435433
            ],
            [
              250856.26946370763,
              2546652.84435433
            ],
            [
              250855.81946370762,
              2546652.5443543303
            ],
            [
              250855.96946370765,
              2546652.69435433
            ],
            [
              250856.11946370764,
              2546652.84435433
            ],
            [
              250856.26946370763,
              2546652.99435433
            ],
            [
              250856.41946370763,
              2546653.14435433
            ],
            [
              250856.56946370762,
              2546653.2943543303
            ],
            [
              250856.71946370765,
              2546653.59435433
            ],
            [
              250856.56946370762,
              2546653.44435433
            ],
            [
              250856.41946370763,
              2546653.2943543303
            ],
            [
              250856.26946370763,
              2546653.14435433
            ],
            [
              250856.11946370764,
              2546652.99435433
            ],
            [
              250857.16946370763,
              2546654.19435433
            ],
            [
              250857.01946370763,
              2546654.0443543303
            ],
            [
              250856.71946370765,
              2546653.74435433
            ],
            [
              250856.56946370762,
              2546653.59435433
            ],
            [
              250857.16946370763,
              2546654.34435433
            ],
            [
              250855.81946370762,
              2546652.69435433
            ],
            [
              250857.01946370763,
              2546654.19435433
            ],
            [
              250856.86946370764,
              2546654.0443543303
            ],
            [
              250856.26946370763,
              2546653.2943543303
            ],
            [
              250856.71946370765,
              2546653.89435433
            ],
            [
              250856.86946370764,
              2546654.19435433
            ],
            [
              250856.71946370765,
              2546654.0443543303
            ],
            [
              250855.96946370765,
              2546652.99435433
            ],
            [
              250856.26946370763,
              2546653.44435433
            ],
            [
              250856.56946370762,
              2546654.0443543303
            ],
            [
              250856.26946370763,
              2546653.59435433
            ],
            [
              250856.26946370763,
              2546653.74435433
            ],
            [
              250856.41946370763,
              2546654.0443543303
            ],
            [
              250856.26946370763,
              2546653.89435433
            ],
            [
              250855.81946370762,
              2546652.99435433
            ],
            [
              250856.26946370763,
              2546654.0443543303
            ],
            [
              250855.66946370763,
              2546652.69435433
            ],
            [
              250855.66946370763,
              2546652.84435433
            ],
            [
              250855.66946370763,
              2546652.99435433
            ],
            [
              250855.51946370763,
              2546652.69435433
            ],
            [
              250855.36946370764,
              2546652.69435433
            ],
            [
              250855.36946370764,
              2546652.5443543303
            ],
            [
              250855.36946370764,
              2546652.39435433
            ],
            [
              250855.36946370764,
              2546652.24435433
            ]
          ]
        ]
      },
      "properties": {
        "plane_id": 32,
        "orientation": "sloped",
        "surface_area_m2": 1.592,
        "projected_area_m2": 0.557,
        "tilt_deg": 69.524,
        "grid_azimuth_deg": 123.09,
        "true_azimuth_deg": 122.14,
        "aspect": "ESE",
        "centroid_e": 250859.25,
        "centroid_n": 2546649.717,
        "centroid_z": 82.907,
        "z_min": 80.986,
        "z_max": 85.487,
        "height_above_deck_m": 1.9,
        "n_faces": 626
      }
    },
    {
      "type": "Feature",
      "geometry": {
        "type": "Polygon",
        "coordinates": [
          [
            [
              250860.91946370763,
              2546648.94435433
            ],
            [
              250860.91946370763,
              2546648.7943543303
            ],
            [
              250860.91946370763,
              2546648.64435433
            ],
            [
              250860.76946370763,
              2546648.0443543303
            ],
            [
              250860.91946370763,
              2546648.49435433
            ],
            [
              250860.91946370763,
              2546648.34435433
            ],
            [
              250860.91946370763,
              2546648.19435433
            ],
            [
              250861.06946370762,
              2546648.19435433
            ],
            [
              250861.06946370762,
              2546648.34435433
            ],
            [
              250861.21946370765,
              2546648.34435433
            ],
            [
              250861.21946370765,
              2546648.49435433
            ],
            [
              250861.21946370765,
              2546648.64435433
            ],
            [
              250861.36946370764,
              2546648.64435433
            ],
            [
              250861.36946370764,
              2546648.7943543303
            ],
            [
              250861.51946370763,
              2546648.7943543303
            ],
            [
              250861.51946370763,
              2546648.94435433
            ],
            [
              250861.66946370763,
              2546649.09435433
            ],
            [
              250861.51946370763,
              2546649.09435433
            ],
            [
              250861.81946370762,
              2546649.24435433
            ],
            [
              250861.66946370763,
              2546649.24435433
            ],
            [
              250861.81946370762,
              2546649.39435433
            ],
            [
              250861.51946370763,
              2546649.24435433
            ],
            [
              250861.36946370764,
              2546649.24435433
            ],
            [
              250861.21946370765,
              2546649.24435433
            ],
            [
              250861.06946370762,
              2546649.24435433
            ],
            [
              250860.91946370763,
              2546649.24435433
            ],
            [
              250860.61946370764,
              2546649.69435433
            ],
            [
              250860.61946370764,
              2546649.5443543303
            ],
            [
              250860.46946370765,
              2546649.69435433
            ],
            [
              250860.46946370765,
              2546649.5443543303
            ],
            [
              250860.61946370764,
              2546649.39435433
            ],
            [
              250860.76946370763,
              2546649.24435433
            ],
            [
              250860.91946370763,
              2546649.09435433
            ],
            [
              250860.46946370765,
              2546649.39435433
            ],
            [
              250860.61946370764,
              2546649.24435433
            ],
            [
              250860.31946370762,
              2546649.39435433
            ],
            [
              250860.46946370765,
              2546649.24435433
            ],
            [
              250860.31946370762,
              2546649.24435433
            ],
            [
              250860.91946370763,
              2546648.94435433
            ]
          ]
        ]
      },
      "properties": {
        "plane_id": 32,
        "orientation": "sloped",
        "surface_area_m2": 1.592,
        "projected_area_m2": 0.557,
        "tilt_deg": 69.524,
        "grid_azimuth_deg": 123.09,
        "true_azimuth_deg": 122.14,
        "aspect": "ESE",
        "centroid_e": 250859.25,
        "centroid_n": 2546649.717,
        "centroid_z": 82.907,
        "z_min": 80.986,
        "z_max": 85.487,
        "height_above_deck_m": 1.9,
        "n_faces": 626
      }
    }
  ]
}